3494636585091, RE7351, RU3008, PV9668, PT9396, RJ9050, DU9554, RU5072, RU5061, OM81731, RU5078, RE5190, RJ5079, LU9392, RO1001, HO0396, DU9682, CQ9687, DU9560, RJ8015, CQ9519, RW8652, OM81441, RJ7011, OM81514, JZ12789, JM10353, NJ13674, RU8008, RU3002, OM81220, RE7372, RE5178, DU9508, RE7173
3491339337859, RE7351, RU3008, PV9668, PT9396, RJ9050, DU9554, RU5072, RU5061, OM81731, RU5078, RE5190, RJ5079, LU9392, RO1001, HO0396, DU9682, CQ9687, DU9560, RJ8015, CQ9519, RW8652, OM81441, RJ7011, OM81514, JZ12789, JM10353, NJ13674, RU8008, RU3002, OM81220, RE7372, RE5178, DU9508, RE7173
3491329966211, RE7351, RU3008, PV9668, PT9396, RJ9050, DU9554, RU5072, RU5061, OM81731, RU5078, RE5190, RJ5079, LU9392, RO1001, HO0396, DU9682, CQ9687, DU9560, RJ8015, CQ9519, RW8652, OM81441, RJ7011, OM81514, JZ12789, JM10353, NJ13674, RU8008, RU3002, OM81220, RE7372, RE5178, DU9508, RE7173
3491391537283, RE7351, RU3008, PV9668, PT9396, RJ9050, DU9554, RU5072, RU5061, OM81731, RU5078, RE5190, RJ5079, LU9392, RO1001, HO0396, DU9682, CQ9687, DU9560, RJ8015, CQ9519, RW8652, OM81441, RJ7011, OM81514, JZ12789, JM10353, NJ13674, RU8008, RU3002, OM81220, RE7372, RE5178, DU9508, RE7173
3491464347779, RE7351, RU3008, PV9668, PT9396, RJ9050, DU9554, RU5072, RU5061, OM81731, RU5078, RE5190, RJ5079, LU9392, RO1001, HO0396, DU9682, CQ9687, DU9560, RJ8015, CQ9519, RW8652, OM81441, RJ7011, OM81514, JZ12789, JM10353, NJ13674, RU8008, RU3002, OM81220, RE7372, RE5178, DU9508, RE7173
3491469459587, RE7351, RU3008, PV9668, PT9396, RJ9050, DU9554, RU5072, RU5061, OM81731, RU5078, RE5190, RJ5079, LU9392, RO1001, HO0396, DU9682, CQ9687, DU9560, RJ8015, CQ9519, RW8652, OM81441, RJ7011, OM81514, JZ12789, JM10353, NJ13674, RU8008, RU3002, OM81220, RE7372, RE5178, DU9508, RE7173
3491803725955, RE7351, RU3008, PV9668, PT9396, RJ9050, DU9554, RU5072, RU5061, OM81731, RU5078, RE5190, RJ5079, LU9392, RO1001, HO0396, DU9682, CQ9687, DU9560, RJ8015, CQ9519, RW8652, OM81441, RJ7011, OM81514, JZ12789, JM10353, NJ13674, RU8008, RU3002, OM81220, RE7372, RE5178, DU9508, RE7173
3491915235459, RE7351, RU3008, PV9668, PT9396, RJ9050, DU9554, RU5072, RU5061, OM81731, RU5078, RE5190, RJ5079, LU9392, RO1001, HO0396, DU9682, CQ9687, DU9560, RJ8015, CQ9519, RW8652, OM81441, RJ7011, OM81514, JZ12789, JM10353, NJ13674, RU8008, RU3002, OM81220, RE7372, RE5178, DU9508, RE7173
3492027662467, RE7351, RU3008, PV9668, PT9396, RJ9050, DU9554, RU5072, RU5061, OM81731, RU5078, RE5190, RJ5079, LU9392, RO1001, HO0396, DU9682, CQ9687, DU9560, RJ8015, CQ9519, RW8652, OM81441, RJ7011, OM81514, JZ12789, JM10353, NJ13674, RU8008, RU3002, OM81220, RE7372, RE5178, DU9508, RE7173
3492537172099, RE7351, RU3008, PV9668, PT9396, RJ9050, DU9554, RU5072, RU5061, OM81731, RU5078, RE5190, RJ5079, LU9392, RO1001, HO0396, DU9682, CQ9687, DU9560, RJ8015, CQ9519, RW8652, OM81441, RJ7011, OM81514, JZ12789, JM10353, NJ13674, RU8008, RU3002, OM81220, RE7372, RE5178, DU9508, RE7173
3492614209667, RE7351, RU3008, PT9396, RJ9050, DU9554, RU5072, RU5061, OM81731, RU5078, RE5190, RJ5079, LU9392, RO1001, HO0396, DU9682, CQ9687, DU9560, RJ8015, CQ9519, RW8652, OM81441, RJ7011, OM81514, JZ12789, JM10353, NJ13674, RU8008, RU3002, OM81220, RE7372, RE5178, DU9508, RE7173, JZ12711, PV9457, CQ9695, PV9668, HO0336, JZ14168
3492687347843, RE7351, RU3008, PV9668, RJ9050, DU9554, RU5072, RU5061, OM81731, RU5078, RE5190, RJ5079, LU9392, RO1001, HO0396, DU9682, CQ9687, DU9560, RJ8015, CQ9519, RW8652, OM81441, RJ7011, OM81514, JZ12789, JM10353, NJ13674, RU8008, RU3002, OM81220, RE7372, RE5178, DU9508, RE7173, PT9396, RE1918
3492692328579, RE7351, RU3008, PV9668, PT9396, RJ9050, DU9554, RU5072, RU5061, OM81731, RU5078, RE5190, RJ5079, LU9392, RO1001, HO0396, DU9682, CQ9687, DU9560, RJ8015, CQ9519, RW8652, OM81441, RJ7011, OM81514, JZ12789, JM10353, NJ13674, RU8008, RU3002, OM81220, RE7372, RE5178, DU9508, RE7173
3492739973251, RE7351, RU3008, PV9668, PT9396, RJ9050, DU9554, RU5072, RU5061, OM81731, RU5078, RE5190, RJ5079, LU9392, RO1001, HO0396, DU9682, CQ9687, DU9560, RJ8015, CQ9519, RW8652, OM81441, RJ7011, OM81514, JZ12789, JM10353, NJ13674, RU8008, RU3002, OM81220, RE7372, RE5178, DU9508, RE7173
3492974985347, RE7351, RU3008, PV9668, PT9396, RJ9050, DU9554, RU5072, RU5061, OM81731, RU5078, RE5190, RJ5079, LU9392, RO1001, HO0396, DU9682, CQ9687, DU9560, RJ8015, CQ9519, RW8652, OM81441, RJ7011, OM81514, JZ12789, JM10353, NJ13674, RU8008, RU3002, OM81220, RE7372, RE5178, DU9508, RE7173
3492999495811, RE7351, RU3008, PV9668, PT9396, RJ9050, DU9554, RU5072, RU5061, OM81731, RU5078, RE5190, RJ5079, LU9392, RO1001, HO0396, DU9682, CQ9687, DU9560, RJ8015, CQ9519, RW8652, OM81441, RJ7011, OM81514, JZ12789, JM10353, NJ13674, RU8008, RU3002, OM81220, RE7372, RE5178, DU9508, RE7173
3493041176707, RE7351, RU3008, PV9668, PT9396, RJ9050, DU9554, RU5072, RU5061, OM81731, RU5078, RE5190, RJ5079, LU9392, RO1001, HO0396, DU9682, CQ9687, DU9560, RJ8015, CQ9519, RW8652, OM81441, RJ7011, OM81514, JZ12789, JM10353, NJ13674, RU8008, RU3002, OM81220, RE7372, RE5178, DU9508, RE7173
3480645468291, RE7351, RJ9050, RU3008, PV9668, PT9396, RU5078, RE5190, RJ5079, LU9392, RO1001, HO0396, DU9682, CQ9687, DU9560, RJ8015, CQ9519, RW8652, OM81441, RJ7011, OM81514, JZ12789, JM10353, NJ13674, RU8008, RU3002, OM81220, RE7372, RE5178, DU9508, RE7173, PV9427, PT9433, RE5032, RJ9003, RJ9036, PT9477, MY1622, PT9349, OM81642, PV9475, RU8005, IG9132, DU9524, NF11331, OU13353, GE00502, HO0275
3492962631811, RE7351, RU3008, PV9668, PT9396, RJ9050, DU9554, RU5072, RU5061, OM81731, RE5190, RJ5079, LU9392, RO1001, HO0396, DU9682, CQ9687, DU9560, RJ8015, CQ9519, RW8652, OM81441, RJ7011, OM81514, JZ12789, JM10353, NJ13674, RU8008, RU3002, OM81220, RE7372, RE5178, DU9508, RE7173
3493278843011, RE7351, RU3008, PV9668, PT9396, RJ9050, DU9554, RU5072, RU5061, OM81731, RU5078, RE5190, RJ5079, LU9392, RO1001, HO0396, DU9682, CQ9687, DU9560, RJ8015, CQ9519, RW8652, OM81441, RJ7011, OM81514, JZ12789, JM10353, NJ13674, RU8008, RU3002, OM81220, RE7372, RE5178, DU9508, RE7173
3493284806787, RE7351, RU3008, PV9668, PT9396, RJ9050, DU9554, RU5072, RU5061, OM81731, RU5078, RE5190, RJ5079, LU9392, RO1001, HO0396, DU9682, CQ9687, DU9560, RJ8015, CQ9519, RW8652, OM81441, RJ7011, OM81514, JZ12789, JM10353, NJ13674, RU8008, RU3002, OM81220, RE7372, RE5178, DU9508, RE7173
3493448319107, RE7351, RU3008, PV9668, PT9396, RJ9050, DU9554, RU5072, RU5061, OM81731, RU5078, RE5190, RJ5079, LU9392, RO1001, HO0396, DU9682, CQ9687, DU9560, RJ8015, CQ9519, RW8652, OM81441, RJ7011, OM81514, JZ12789, JM10353, NJ13674, RU8008, RU3002, OM81220, RE7372, RE5178, DU9508, RE7173
3493623365763, RE7351, RJ5079, RO1001, DU9560, RU3008, CQ9687, PV9668, PT9396, RJ9050, DU9554, RU5072, RU5061, OM81731, RU5078, RJ8015, CQ9519, RW8652, OM81441, RJ7011, OM81514, JZ12789, JM10353, NJ13674, RU8008, RU3002, OM81220, RE7372, RE5178, DU9508, RE7173, OM90742, OM80761, PT9409, OM80766, OM80767, RJ1018, RE7098, LU9061, CQ9555, MY1534, JM10215, HO0336, RJ9025, DU9558, JM9106, HO0273, HO0275, OY9128, RU8004, RE1023, EQ13260, RJ5029, RJ9004, RJ9003, EQ13259, NJ13701, RJ9058, OM81537, RJ9001, RE7252, NG10195, OM81729, PT9258, DU9666, JZ11209, PT9342, IG9223, JZ14168, IG8397, OM81581, RW8861, PS9529, GE00437, RN0081, RE5190
3493873320067, RE7351, RU3008, PV9668, PT9396, RJ9050, DU9554, RU5072, RU5061, OM81731, RU5078, RE5190, RJ5079, LU9392, RO1001, HO0396, DU9682, CQ9687, DU9560, RJ8015, CQ9519, RW8652, OM81441, RJ7011, OM81514, JZ12789, JM10353, NJ13674, RU8008, RU3002, OM81220, RE7372, RE5178, DU9508, RE7173
3493886656643, RE7351, DU9560, RJ5079, RU3008, PV9668, PT9396, RJ9050, DU9554, RU5072, RU5061, OM81731, RU5078, RE5190, LU9392, RO1001, HO0396, DU9682, CQ9687, RW8652, OM81441, RJ7011, OM81514, JZ12789, JM10353, NJ13674, RU8008, RU3002, OM81220, RE7372, RE5178, DU9508, RE7173, RO1030, PT9255, RE5189, OM81729, RE5062, OY9258, TK00696, GE00503, OU13358, TK00403, OM81247, OY9128, RU8004, RE1023, EQ13260, OM81642, NH19020, RE7092, LU9083, LU9062, MY1573, IG9158
3493919096963, RE7351, RU3008, PV9668, PT9396, RJ9050, DU9554, RU5072, RU5061, OM81731, RU5078, RE5190, RJ5079, LU9392, RO1001, HO0396, DU9682, CQ9687, DU9560, RJ8015, CQ9519, RW8652, OM81441, RJ7011, OM81514, JZ12789, JM10353, NJ13674, RU8008, RU3002, OM81220, RE7372, RE5178, DU9508, RE7173
3473870487683, RE7351, RU3008, RE7372, PV9668, PT9396, RJ9050, DU9554, RU5072, RU5061, OM81731, RU5078, RE5190, RJ5079, LU9392, RO1001, HO0396, DU9682, CQ9687, DU9560, RJ8015, CQ9519, OM81514, JZ12789, JM10353, NJ13674, RU8008, RU3002, OM81220, RE5178, DU9508, RE7173, OM81441, PT9141, PT9410, CQ9544, GE00369, PV9600, OM81352, RJ7011
3494090801283, RE7351, RU3008, PV9668, PT9396, RJ9050, DU9554, RU5072, RU5061, OM81731, RU5078, RE5190, RJ5079, LU9392, RO1001, HO0396, DU9682, CQ9687, DU9560, RJ8015, CQ9519, RW8652, OM81441, RJ7011, OM81514, JZ12789, JM10353, NJ13674, RU8008, RU3002, OM81220, RE7372, RE5178, DU9508, RE7173
3494217121923, RE7351, RU3008, PV9668, PT9396, RJ9050, DU9554, RU5072, RU5061, OM81731, RU5078, RE5190, RJ5079, LU9392, RO1001, HO0396, DU9682, CQ9687, DU9560, RJ8015, CQ9519, RW8652, OM81441, RJ7011, OM81514, JZ12789, JM10353, NJ13674, RU8008, RU3002, OM81220, RE7372, RE5178, DU9508, RE7173
3494234947715, RE7351, RU3008, PT9370, PV9668, PT9396, RJ9050, DU9554, RU5072, RU5061, OM81731, RU5078, RE5190, RJ5079, LU9392, RO1001, HO0396, DU9682, CQ9687, DU9560, RJ8015, CQ9519, RW8652, OM81441, RJ7011, OM81514, JZ12789, JM10353, NJ13674, RU8008, RU3002, OM81220, RE7372, RE5178, DU9508, RE7173, PV9427, NJ13752, PS9095, PT9376, MY1520, RE7375, GE00425, RJ1018, RJ1002, RE5195, TK00678, PV9291, RE1004, GQ10795, DU9551, NH19072, PT9403, RW8868, OU13358, JM10256, GE00542, JZ14235, OM81247, MY1689, NF11331, NW12587, GE00437
3494241435779, RE7351, RU3008, PV9668, PT9396, RJ9050, DU9554, RU5072, RU5061, OM81731, RU5078, RE5190, RJ5079, LU9392, RO1001, HO0396, DU9682, CQ9687, DU9560, RJ8015, CQ9519, RW8652, OM81441, RJ7011, OM81514, JZ12789, JM10353, NJ13674, RU8008, RU3002, OM81220, RE7372, RE5178, DU9508, RE7173
3494251430019, RE7351, RU3008, PV9668, PT9396, RJ9050, DU9554, RU5072, RU5061, OM81731, RU5078, RE5190, RJ5079, LU9392, RO1001, HO0396, DU9682, CQ9687, DU9560, RJ8015, CQ9519, RW8652, OM81441, RJ7011, OM81514, JZ12789, JM10353, NJ13674, RU8008, RU3002, OM81220, RE7372, RE5178, DU9508, RE7173
3494547062915, RE7351, RU3008, PV9668, PT9396, RJ9050, DU9554, RU5072, RU5061, OM81731, RU5078, RE5190, RJ5079, LU9392, RO1001, HO0396, DU9682, CQ9687, DU9560, RJ8015, CQ9519, RW8652, OM81441, RJ7011, OM81514, JZ12789, JM10353, NJ13674, RU8008, RU3002, OM81220, RE7372, RE5178, DU9508, RE7173
3494281052291, RE7351, RU3008, PV9668, PT9396, RJ9050, DU9554, RU5072, RU5061, OM81731, RU5078, RE5190, RJ5079, LU9392, RO1001, HO0396, DU9682, CQ9687, DU9560, RJ8015, CQ9519, RW8652, OM81441, RJ7011, OM81514, JZ12789, JM10353, NJ13674, RU8008, RU3002, OM81220, RE7372, RE5178, DU9508, RE7173
3494882672771, RE7351, RU3008, PV9668, PT9396, RJ9050, DU9554, RU5072, RU5061, OM81731, RU5078, RE5190, RJ5079, LU9392, RO1001, HO0396, DU9682, CQ9687, DU9560, RJ8015, CQ9519, RW8652, OM81441, RJ7011, OM81514, JZ12789, JM10353, NJ13674, RU8008, RU3002, OM81220, RE7372, RE5178, DU9508, RE7173
3494944243843, RE7351, RU3008, PV9668, PT9396, RJ9050, DU9554, RU5072, RU5061, OM81731, RU5078, RE5190, RJ5079, LU9392, RO1001, HO0396, DU9682, CQ9687, DU9560, RJ8015, CQ9519, RW8652, OM81441, RJ7011, OM81514, JZ12789, JM10353, NJ13674, RU8008, RU3002, OM81220, RE7372, RE5178, DU9508, RE7173
3495021936771, RE7351, RU3008, PV9668, PT9396, RJ9050, DU9554, RU5072, RU5061, OM81731, RU5078, RE5190, RJ5079, LU9392, RO1001, HO0396, DU9682, CQ9687, DU9560, RJ8015, CQ9519, RW8652, OM81441, RJ7011, OM81514, JZ12789, JM10353, NJ13674, RU8008, RU3002, OM81220, RE7372, RE5178, DU9508, RE7173
3494819332227, RE7351, RU3008, PV9668, PT9396, RJ9050, DU9554, RU5072, RU5061, OM81731, RU5078, RE5190, RJ5079, LU9392, RO1001, HO0396, DU9682, CQ9687, DU9560, RJ8015, CQ9519, RW8652, OM81441, RJ7011, OM81514, JZ12789, JM10353, NJ13674, RU8008, RU3002, OM81220, RE7372, RE5178, DU9508, RE7173
3495328448643, RE7351, RU3008, PV9668, PT9396, RJ9050, DU9554, RU5072, RU5061, OM81731, RU5078, RE5190, RJ5079, LU9392, RO1001, HO0396, DU9682, CQ9687, DU9560, RJ8015, CQ9519, RW8652, OM81441, RJ7011, OM81514, JZ12789, JM10353, NJ13674, RU8008, RU3002, OM81220, RE7372, RE5178, DU9508, RE7173
3495355744387, RE7351, RU3008, PV9668, PT9396, RJ9050, DU9554, RU5072, RU5061, OM81731, RU5078, RE5190, RJ5079, LU9392, RO1001, HO0396, DU9682, CQ9687, DU9560, RJ8015, CQ9519, RW8652, OM81441, RJ7011, OM81514, JZ12789, JM10353, NJ13674, RU8008, RU3002, OM81220, RE7372, RE5178, DU9508, RE7173
3491652206723, RE7351, RU3008, JM10353, PV9668, PT9396, RJ9050, DU9554, RU5072, RU5061, OM81731, RU5078, RE5190, RJ5079, LU9392, RO1001, HO0396, DU9682, CQ9687, DU9560, RJ8015, CQ9519, RW8652, OM81441, RJ7011, RU8008, RU3002, OM81220, RE7372, RE5178, DU9508, RE7173, RO1036, PV9428, RU5052, OU13007, HO0284, OM81587, RO1060, CQ9507
3496086306947, RE7351, RU3008, PV9668, PT9396, RJ9050, DU9554, RU5072, RU5061, OM81731, RU5078, RE5190, RJ5079, LU9392, RO1001, HO0396, DU9682, CQ9687, DU9560, RJ8015, CQ9519, RW8652, OM81441, RJ7011, OM81514, JZ12789, JM10353, NJ13674, RU3002, OM81220, RE7372, RE5178, DU9508, RE7173
3499012194435, RE7351, RU3008, RU3002, PV9668, PT9396, RJ9050, DU9554, RU5072, RU5061, OM81731, RU5078, RE5190, RJ5079, LU9392, RO1001, HO0396, DU9682, CQ9687, DU9560, RJ8015, CQ9519, RW8652, OM81441, RJ7011, OM81514, JZ12789, JM10353, NJ13674, RU8008, OM81220, RE7372, RE5178, DU9508, RE7173, PV9234, PT9141, PT9223, OM81341, RE5186, RE7364, RO1060
3501967933571, RE7351, RU3008, PV9668, PT9396, RJ9050, DU9554, RU5072, RU5061, OM81731, RU5078, RE5190, RJ5079, LU9392, RO1001, HO0396, DU9682, CQ9687, DU9560, RJ8015, CQ9519, RW8652, OM81441, RJ7011, OM81514, JZ12789, JM10353, NJ13674, RU8008, RU3002, OM81220, RE7372, RE5178, DU9508, RE7173
3474490622083, RE7351, RU3008, PV9668, PT9396, RJ9050, DU9554, RU5072, RU5061, OM81731, RU5078, RE5190, RJ5079, LU9392, RO1001, HO0396, DU9682, CQ9687, DU9560, RJ8015, CQ9519, RW8652, OM81441, RJ7011, OM81514, JZ12789, JM10353, NJ13674, RU8008, RU3002, OM81220, RE7372, RE5178, DU9508, RE7173
3474508710019, RE7351, RU3008, PV9668, PT9396, RJ9050, DU9554, RU5072, RU5061, OM81731, RU5078, RE5190, RJ5079, LU9392, RO1001, HO0396, DU9682, CQ9687, DU9560, RJ8015, CQ9519, RW8652, OM81441, RJ7011, OM81514, JZ12789, JM10353, NJ13674, RU8008, RU3002, OM81220, RE7372, RE5178, DU9508, RE7173
3474728190083, RE7351, RU3008, PV9668, PT9396, RJ9050, DU9554, RU5072, RU5061, OM81731, RU5078, RE5190, RJ5079, LU9392, RO1001, HO0396, DU9682, CQ9687, DU9560, RJ8015, CQ9519, RW8652, OM81441, RJ7011, OM81514, JZ12789, JM10353, NJ13674, RU8008, RU3002, OM81220, RE7372, RE5178, DU9508, RE7173
3474909069443, RE7351, RU3008, PV9668, PT9396, RJ9050, DU9554, RU5072, RU5061, OM81731, RU5078, RE5190, RJ5079, LU9392, RO1001, HO0396, DU9682, CQ9687, DU9560, RJ8015, CQ9519, RW8652, OM81441, RJ7011, OM81514, JZ12789, JM10353, NJ13674, RU8008, RU3002, OM81220, RE7372, RE5178, DU9508, RE7173
3474963333251, RE7351, RU3008, PV9668, PT9396, RJ9050, DU9554, RU5072, RU5061, OM81731, RU5078, RE5190, RJ5079, LU9392, RO1001, HO0396, DU9682, CQ9687, DU9560, RJ8015, CQ9519, RW8652, OM81441, RJ7011, OM81514, JZ12789, JM10353, NJ13674, RU8008, RU3002, OM81220, RE7372, RE5178, DU9508, RE7173
3475276300419, RE7351, RU3008, PV9668, PT9396, RJ9050, DU9554, RU5072, RU5061, OM81731, RU5078, RE5190, RJ5079, LU9392, RO1001, HO0396, DU9682, CQ9687, DU9560, RJ8015, CQ9519, RW8652, OM81441, RJ7011, OM81514, JZ12789, JM10353, NJ13674, RU8008, RU3002, OM81220, RE7372, RE5178, DU9508, RE7173
3475457114243, RE7351, RU3008, PV9668, PT9396, RJ9050, DU9554, RU5072, RU5061, OM81731, RU5078, RE5190, RJ5079, LU9392, RO1001, HO0396, DU9682, CQ9687, DU9560, RJ8015, CQ9519, RW8652, OM81441, RJ7011, OM81514, JZ12789, JM10353, NJ13674, RU8008, RU3002, OM81220, RE7372, RE5178, DU9508, RE7173
3475559383171, RE7351, RU3008, PV9668, PT9396, RJ9050, DU9554, RU5072, RU5061, OM81731, RU5078, RE5190, RJ5079, LU9392, RO1001, HO0396, DU9682, CQ9687, DU9560, RJ8015, CQ9519, RW8652, OM81441, RJ7011, OM81514, JZ12789, JM10353, NJ13674, RU8008, RU3002, OM81220, RE7372, RE5178, DU9508, RE7173
3475634323587, RE7351, RU3008, PV9668, PT9396, RJ9050, DU9554, RU5072, RU5061, OM81731, RU5078, RE5190, RJ5079, LU9392, RO1001, HO0396, DU9682, CQ9687, DU9560, RJ8015, CQ9519, RW8652, OM81441, RJ7011, OM81514, JZ12789, JM10353, NJ13674, RU8008, RU3002, RE7372, RE5178, DU9508, RE7173
3475645563011, RE7351, RU3008, PV9668, PT9396, RJ9050, DU9554, RU5072, RU5061, OM81731, RU5078, RE5190, RJ5079, LU9392, RO1001, HO0396, DU9682, CQ9687, DU9560, RJ8015, CQ9519, RW8652, OM81441, RJ7011, OM81514, JZ12789, JM10353, NJ13674, RU8008, RU3002, OM81220, RE7372, RE5178, DU9508, RE7173
3475733545091, RE7351, RU3008, PV9668, PT9396, RJ9050, DU9554, RU5072, RU5061, OM81731, RU5078, RE5190, RJ5079, LU9392, RO1001, HO0396, DU9682, CQ9687, DU9560, RJ8015, CQ9519, RW8652, OM81441, RJ7011, OM81514, JZ12789, JM10353, NJ13674, RU8008, RU3002, OM81220, RE7372, RE5178, DU9508, RE7173
3475791151235, RE7351, RU3008, PV9668, PT9396, RJ9050, DU9554, RU5072, RU5061, OM81731, RU5078, RE5190, RJ5079, LU9392, RO1001, HO0396, DU9682, CQ9687, DU9560, RJ8015, CQ9519, RW8652, OM81441, RJ7011, OM81514, JZ12789, JM10353, NJ13674, RU8008, RU3002, OM81220, RE7372, RE5178, DU9508, RE7173
3475796033667, RE7351, RU3008, PV9668, PT9396, RJ9050, DU9554, RU5072, RU5061, OM81731, RU5078, RE5190, RJ5079, LU9392, RO1001, HO0396, DU9682, CQ9687, DU9560, RJ8015, CQ9519, RW8652, OM81441, RJ7011, OM81514, JZ12789, JM10353, NJ13674, RU8008, RU3002, OM81220, RE7372, RE5178, DU9508, RE7173
3476115947651, RE7351, RU3008, PV9668, PT9396, RJ9050, DU9554, RU5072, RU5061, OM81731, RU5078, RE5190, RJ5079, LU9392, RO1001, HO0396, DU9682, CQ9687, DU9560, RJ8015, CQ9519, RW8652, OM81441, RJ7011, OM81514, JZ12789, JM10353, NJ13674, RU8008, RU3002, OM81220, RE7372, RE5178, DU9508, RE7173
3476156776579, RE7351, RU3008, PV9668, PT9396, RJ9050, DU9554, RU5072, RU5061, OM81731, RU5078, RE5190, RJ5079, LU9392, RO1001, HO0396, DU9682, CQ9687, DU9560, RJ8015, CQ9519, RW8652, OM81441, RJ7011, OM81514, JZ12789, JM10353, NJ13674, RU8008, RU3002, OM81220, RE7372, RE5178, DU9508, RE7173
3476203110531, RE7351, RU3008, PV9668, PT9396, RJ9050, DU9554, RU5072, RU5061, OM81731, RU5078, RE5190, RJ5079, LU9392, RO1001, HO0396, DU9682, CQ9687, DU9560, RJ8015, CQ9519, RW8652, OM81441, RJ7011, OM81514, JZ12789, JM10353, NJ13674, RU8008, RU3002, OM81220, RE7372, RE5178, DU9508, RE7173
3476205535363, RE7351, RU3008, PV9668, PT9396, RJ9050, DU9554, RU5072, RU5061, OM81731, RU5078, RE5190, RJ5079, LU9392, RO1001, HO0396, DU9682, CQ9687, DU9560, RJ8015, CQ9519, RW8652, OM81441, RJ7011, OM81514, JZ12789, JM10353, NJ13674, RU8008, RU3002, OM81220, RE7372, RE5178, DU9508, RE7173
3476240695427, RE7351, RU3008, PV9668, PT9396, RJ9050, DU9554, RU5072, RU5061, OM81731, RU5078, RE5190, RJ5079, LU9392, RO1001, HO0396, DU9682, CQ9687, DU9560, RJ8015, CQ9519, RW8652, OM81441, RJ7011, OM81514, JZ12789, JM10353, NJ13674, RU8008, RU3002, OM81220, RE7372, RE5178, DU9508, RE7173
3476242366595, RE7351, RE7372, OM81441, RU3008, PV9668, PT9396, RJ9050, DU9554, RU5072, RU5061, OM81731, RU5078, RE5190, RJ5079, LU9392, RO1001, HO0396, DU9682, CQ9687, DU9560, RJ8015, CQ9519, RW8652, RJ7011, OM81514, JZ12789, JM10353, NJ13674, RU8008, RU3002, OM81220, RE5178, DU9508, RE7173, OU13358, RU5130, AA13810, RJ6028, RJ9029, PT9141, PT9410, CQ9544, GE00369, RE3003
3476248887427, RE7351, RU3008, PV9668, PT9396, RJ9050, DU9554, RU5072, RU5061, OM81731, RU5078, RE5190, RJ5079, LU9392, RO1001, HO0396, DU9682, CQ9687, DU9560, RJ8015, CQ9519, RW8652, OM81441, RJ7011, OM81514, JZ12789, JM10353, NJ13674, RU8008, RU3002, OM81220, RE7372, RE5178, DU9508, RE7173
3476267237507, RE7351, RU3008, PV9668, PT9396, RJ9050, DU9554, RU5072, RU5061, OM81731, RU5078, RE5190, RJ5079, LU9392, RO1001, HO0396, DU9682, CQ9687, DU9560, RJ8015, CQ9519, RW8652, OM81441, RJ7011, OM81514, JZ12789, JM10353, NJ13674, RU8008, RU3002, OM81220, RE7372, RE5178, DU9508, RE7173
3476304658563, RE7351, RU3008, PV9668, PT9396, RJ9050, DU9554, RU5072, RU5061, OM81731, RU5078, RE5190, RJ5079, LU9392, RO1001, HO0396, DU9682, CQ9687, DU9560, RJ8015, CQ9519, RW8652, OM81441, RJ7011, OM81514, JZ12789, JM10353, NJ13674, RU8008, RU3002, OM81220, RE7372, RE5178, DU9508, RE7173
3476464926851, RE7351, RU3008, PV9668, PT9396, RJ9050, DU9554, RU5072, RU5061, OM81731, RU5078, RE5190, RJ5079, LU9392, RO1001, HO0396, DU9682, CQ9687, DU9560, RJ8015, CQ9519, RW8652, OM81441, RJ7011, OM81514, JZ12789, JM10353, NJ13674, RU8008, RU3002, OM81220, RE7372, RE5178, DU9508, RE7173
3476542292099, RE7351, RU3008, PV9668, PT9396, RJ9050, DU9554, RU5072, RU5061, OM81731, RU5078, RE5190, RJ5079, LU9392, RO1001, HO0396, DU9682, CQ9687, DU9560, RJ8015, CQ9519, RW8652, OM81441, RJ7011, OM81514, JZ12789, JM10353, NJ13674, RU8008, RU3002, OM81220, RE7372, RE5178, DU9508, RE7173
3476640366723, RE7351, RU3008, PV9668, PT9396, RJ9050, DU9554, RU5072, RU5061, OM81731, RU5078, RE5190, RJ5079, LU9392, RO1001, HO0396, DU9682, CQ9687, DU9560, RJ8015, CQ9519, RW8652, OM81441, RJ7011, OM81514, JZ12789, JM10353, NJ13674, RU8008, RU3002, OM81220, RE7372, RE5178, DU9508, RE7173
3476677165187, RE7351, RU3008, PV9668, PT9396, RJ9050, DU9554, RU5072, RU5061, OM81731, RU5078, RE5190, RJ5079, LU9392, RO1001, HO0396, DU9682, CQ9687, DU9560, RJ8015, CQ9519, RW8652, OM81441, RJ7011, OM81514, JZ12789, JM10353, NJ13674, RU8008, RU3002, OM81220, RE7372, RE5178, DU9508, RE7173
3476781891715, RE7351, RU3008, PV9668, PT9396, RJ9050, DU9554, RU5072, RU5061, OM81731, RU5078, RE5190, RJ5079, LU9392, RO1001, HO0396, DU9682, CQ9687, DU9560, RJ8015, CQ9519, RW8652, OM81441, RJ7011, OM81514, JZ12789, JM10353, NJ13674, RU8008, RU3002, OM81220, RE7372, DU9508, RE7173
3477050359939, RE7351, RU3008, PV9668, PT9396, RJ9050, DU9554, RU5072, RU5061, OM81731, RU5078, RE5190, RJ5079, LU9392, RO1001, HO0396, DU9682, CQ9687, DU9560, RJ8015, CQ9519, RW8652, OM81441, RJ7011, OM81514, JZ12789, JM10353, NJ13674, RU8008, RU3002, OM81220, RE7372, RE5178, DU9508, RE7173
3477072937091, RE7351, RU3008, PV9668, PT9396, RJ9050, DU9554, RU5072, RU5061, OM81731, RU5078, RE5190, RJ5079, LU9392, RO1001, HO0396, DU9682, CQ9687, DU9560, RJ8015, CQ9519, RW8652, OM81441, RJ7011, OM81514, JZ12789, JM10353, NJ13674, RU8008, RU3002, OM81220, RE7372, RE5178, DU9508, RE7173
3477221933187, RE7351, RU3008, PV9668, PT9396, RJ9050, DU9554, RU5072, RU5061, OM81731, RU5078, RE5190, RJ5079, LU9392, RO1001, HO0396, DU9682, CQ9687, DU9560, RJ8015, CQ9519, RW8652, OM81441, RJ7011, OM81514, JZ12789, JM10353, NJ13674, RU8008, RU3002, OM81220, RE7372, RE5178, DU9508, RE7173
3477439709315, RE7351, RU3008, PV9668, PT9396, RJ9050, DU9554, RU5072, RU5061, OM81731, RU5078, RE5190, RJ5079, LU9392, RO1001, HO0396, DU9682, CQ9687, DU9560, RJ8015, CQ9519, RW8652, OM81441, RJ7011, OM81514, JZ12789, JM10353, NJ13674, RU8008, RU3002, OM81220, RE7372, RE5178, DU9508, RE7173
3480645206147, RE7351, RU3008, PV9668, PT9396, RJ9050, DU9554, RU5072, RU5061, OM81731, RU5078, RE5190, RJ5079, LU9392, RO1001, HO0396, DU9682, CQ9687, DU9560, RJ8015, CQ9519, RW8652, OM81441, RJ7011, OM81514, JZ12789, JM10353, NJ13674, RU8008, RU3002, OM81220, RE7372, RE5178, DU9508, RE7173
3480714412163, RE7351, RU3008, PV9668, PT9396, RJ9050, DU9554, RU5072, RU5061, OM81731, RU5078, RE5190, RJ5079, LU9392, RO1001, HO0396, DU9682, CQ9687, DU9560, RJ8015, CQ9519, RW8652, OM81441, RJ7011, OM81514, JZ12789, JM10353, NJ13674, RU8008, RU3002, OM81220, RE7372, RE5178, DU9508, RE7173
3480758911107, RE7351, RU3008, PV9668, PT9396, RJ9050, DU9554, RU5072, RU5061, OM81731, RU5078, RE5190, RJ5079, LU9392, RO1001, HO0396, DU9682, CQ9687, DU9560, RJ8015, CQ9519, RW8652, OM81441, RJ7011, OM81514, JZ12789, JM10353, NJ13674, RU8008, RU3002, OM81220, RE7372, RE5178, DU9508, RE7173
3484161343619, RE7351, RU3008, PV9668, PT9396, RJ9050, DU9554, RU5072, RU5061, OM81731, RU5078, RE5190, RJ5079, LU9392, RO1001, HO0396, DU9682, CQ9687, DU9560, RJ8015, CQ9519, RW8652, OM81441, RJ7011, OM81514, JZ12789, JM10353, NJ13674, RU8008, RU3002, OM81220, RE7372, RE5178, DU9508, RE7173
3484180152451, RE7351, RU3008, PV9668, PT9396, RJ9050, DU9554, RU5072, RU5061, OM81731, RU5078, RE5190, RJ5079, LU9392, RO1001, HO0396, DU9682, CQ9687, DU9560, RJ8015, CQ9519, RW8652, OM81441, RJ7011, OM81514, JZ12789, JM10353, NJ13674, RU8008, RU3002, OM81220, RE7372, RE5178, DU9508, RE7173
3485492772995, RE7351, RU3008, PV9668, PT9396, RJ9050, DU9554, RU5072, RU5061, OM81731, RU5078, RE5190, RJ5079, LU9392, RO1001, HO0396, DU9682, CQ9687, DU9560, RJ8015, CQ9519, RW8652, OM81441, RJ7011, OM81514, JZ12789, JM10353, NJ13674, RU8008, RU3002, OM81220, RE7372, RE5178, DU9508, RE7173
3487136415875, RE7351, RU3008, DU9508, PV9668, PT9396, RJ9050, DU9554, RU5072, RU5061, OM81731, RU5078, RE5190, RJ5079, LU9392, RO1001, HO0396, DU9682, CQ9687, DU9560, RJ8015, CQ9519, RW8652, OM81441, RJ7011, OM81514, JZ12789, JM10353, NJ13674, RU8008, RU3002, OM81220, RE7372, RE5178, RE7173, DU9418, GS10110, GE00488, PT9349, NJ13701, RE7092, CQ9496, RE1028
3488468336771, RE7351, RE7173, RU3008, PV9668, PT9396, RJ9050, DU9554, RU5072, RU5061, OM81731, RU5078, RE5190, RJ5079, LU9392, RO1001, HO0396, DU9682, CQ9687, DU9560, RJ8015, CQ9519, RW8652, OM81441, RJ7011, OM81514, JZ12789, JM10353, NJ13674, RU8008, RU3002, OM81220, RE7372, RE5178, DU9508, PV9394, RE7252, RU8029, JZ14124, RE5184, CQ9544
2938618183811, DU9560, RE5189, RE7351, RJ8015, CQ9519, OM81729, RE5062, OY9258, TK00696, GE00503, OU13358, TK00403, OM81247, OY9128, RJ5079, RU8004, RE1023, EQ13260, OM81642, NH19020, RE7092, LU9083, LU9062, MY1573, IG9158, RJ8032, OM81738, RU8005, RE7376, PV9140, OM61040, RO1048, PT9255, DU9538, RJ6053, LU9136
3494588153987, DU9560, EQ13260, RE7092, RO1030, PT9255, RE5189, RE7351, RJ8015, CQ9519, OM81729, RE5062, OY9258, TK00696, GE00503, OU13358, TK00403, OM81247, OY9128, RJ5079, RU8004, RE1023, OM81642, NH19020, LU9062, MY1573, IG9158, RU5063, NJ13680, CQ9542, RU5083, RE7179, DU9508, CQ9496, RE1028, RU8010, LU9066, NH12099, RE7252, JZ14124, LU9083
3495375765635, DU9560, OU13358, OM81247, RU3008, JM10256, GE00542, JZ14235, MY1689, NF11331, NW12587, GE00437, RO1030, PT9255, RE5189, RE7351, RJ8015, CQ9519, OM81729, RE5062, OY9258, TK00696, GE00503, OY9128, RJ5079, RU8004, RE1023, EQ13260, OM81642, NH19020, RE7092, LU9083, LU9062, MY1573, IG9158, RU5130, AA13810, RE7372, RJ6028, RJ9029, RJ5029, PV9250, RJ7014, GQ10722, CQ9544, JZ14205, JM10307, RJ8009, JZ14168, PV9459, TK00403, NH19080
3455281594499, DU9560, RO1030, PT9255, RE5189, RE7351, RJ8015, CQ9519, OM81729, RE5062, OY9258, TK00696, GE00503, OU13358, TK00403, OM81247, OY9128, RJ5079, RU8004, RE1023, EQ13260, OM81642, NH19020, RE7092, LU9083, LU9062, MY1573, IG9158
3496373911683, DU9560, OY9128, RO1030, PT9255, RE5189, RE7351, RJ8015, CQ9519, OM81729, RE5062, OY9258, TK00696, GE00503, OU13358, TK00403, OM81247, RJ5079, RU8004, RE1023, EQ13260, OM81642, NH19020, RE7092, LU9083, IG9158, AA13810, RJ9043, MY1573, GE00425
3449676071043, DU9560, RE5062, OM81729, RU8004, EB0517, RO1030, PT9255, RE5189, RE7351, RJ8015, CQ9519, OU13358, TK00403, OM81247, OY9128, RJ5079, RE1023, EQ13260, OM81642, NH19020, RE7092, LU9083, LU9062, MY1573, IG9158, PT9534, CQ9528, RO1040, IG9122, OM81349, RE5051, IG9223, PT9477, RJ9015, LZ9168, PT9258, RO1001, DU9666, EQ13137, OY9258
3474565103747, DU9560, OM81642, RO1030, PT9255, RE5189, RE7351, RJ8015, CQ9519, OM81729, RE5062, OY9258, TK00696, GE00503, OU13358, TK00403, OM81247, OY9128, RJ5079, RU8004, RE1023, EQ13260, RE7092, LU9083, LU9062, MY1573, IG9158, RU5130, JZ14235, NH2023, RE5195, GQ10884, RJ9050, PV9475, RU8005
3476024623235, DU9560, RJ5079, RU8004, EQ13260, RE7351, RE5062, LU9083, MY1573, JZ14205, RO1030, PT9255, RE5189, RJ8015, CQ9519, OM81729, OY9258, TK00696, GE00503, OU13358, TK00403, OM81247, OM81642, NH19020, RE7092, LU9062, IG9158, OM90742, OM80761, PT9409, OM80766, OM80767, RJ1018, RE7098, LU9061, CQ9555, MY1534, JM10215, HO0336, RJ9025, DU9558, JM9106, HO0273, HO0275, RE5190, LU9392, RO1001, HO0396, DU9682, CQ9687, RJ5029, OM81349, RE5051, IG9223, PT9477, RJ9015, LZ9168, PT9429, OM81884, GQ10722, RJ5022, NJ13701, OM81802, RJ9003, RE5121, PT9223, RW8831, RU8010, LU9066, NH12099, RE7252, JZ14124, NG10195, OY9128, AA13810, RJ9043, GE00425
3461171282051, DU9560, RO1030, PT9255, RE5189, RE7351, RJ8015, CQ9519, OM81729, RE5062, OY9258, TK00696, GE00503, OU13358, TK00403, OM81247, OY9128, RJ5079, RU8004, RE1023, EQ13260, OM81642, NH19020, RE7092, LU9083, LU9062, MY1573, RJ5102, LU9129, IG9158
2942897225859, NJ13701, RJ9001, PV9252, RJ9058, RO1001, PS9460, NF11331, RE5184, GS10110, RJ9003, PT9258, RE7252, EQ13260, JZ14124, DU9538, NG9892, PT9477, RU2096, GE00458, NW12493, JM9891, OM81354, OM81724, PT9429, RU8004, OM81884, GQ10722, RJ5022, RE7364, RE5106, PT9539, HO0183, DU9418, GE00488, DU9508, PT9349, PT9347, HO0275, MY1475, NH19002, CQ9497, PT9409, PT9151, PV9459, GQ10680, PT9473, RJ5068, TK00649, NW12461, PS9490, IG8402, RO1048, RO1070, GQ10465, CQ9154, CQ9495, OM81469, RJ8014, PV9499, GE00425, RJ9004, EQ13259, RE7351, RE5190, RJ5079, LU9392, HO0396, DU9682, CQ9687, OM81729, DU9666, RU8010, LU9066, NH12099, LU9083, RE7173, RU8029, JZ14205, NG10195
3475341181059, NJ13701, NF11331, HO0275, PT9410, NW12487, RE5033, MY1475, NH19002, PS9460, DU9538, NG9892, PT9477, RJ9058, OM81537, RJ9001, RE7252, RO1001, NG10195, RU2096, GE00458, NW12493, JM9891, OM81354, OM81724, PT9429, RU8004, OM81884, GQ10722, RJ5022, RE7364, RE5106, PT9539, HO0183, RE5184, DU9418, GS10110, GE00488, DU9508, PT9349, CQ9497, MY1534, JM10215, RJ5079, HO0336, RJ9025, DU9558, JM9106, HO0273, RJ9050, IG9132, DU9524, OU13353, GE00502
3477126054019, NJ13701, PT9477, RJ9001, NF11331, DU9508, PS9460, DU9538, NG9892, RJ9058, OM81537, RE7252, RO1001, NG10195, RU2096, GE00458, NW12493, JM9891, OM81354, OM81724, PT9429, RU8004, OM81884, GQ10722, RJ5022, RE7364, RE5106, PT9539, HO0183, RE5184, PT9347, HO0275, MY1475, NH19002, CQ9497, RJ8013, RE5054, PS9490, GE00488, RE7351, RE7092, CQ9496, RE1028, OY9257, DU9418, HO0207, PV9473, RJ9068, GE00427, CQ9154, CQ9495, GS10110, OM81469, RJ8014, PV9499, GE00425, PV9427, PT9433, RE5032, RJ9050, RJ9003, RJ9036, MY1622, PT9349
3491866574979, NJ13701, NF11331, RJ9001, GS10110, HO0275, NW12489, PS9460, DU9538, NG9892, PT9477, RJ9058, OM81537, RE7252, RO1001, NG10195, PT9429, RU8004, OM81884, GQ10722, RJ5022, RE7364, RE5106, PT9539, HO0183, RE5184, DU9418, GE00488, DU9508, PT9349, PT9347, MY1475, NH19002, CQ9497, RJ5080, RJ5086, RJ5037, RU3008, OU13358, JM10256, GE00542, JZ14235, OM81247, MY1689, NW12587, GE00437, RE5191, EQ13256, PS9225, NH12099, NH1650, MY1622, EQ13265, CQ9685, JZ14123, OU13341, OU13421, CQ9154, CQ9495, OM81469, RJ8014, PV9499, GE00425, RE5063, RJ9050, IG9132, DU9524, OU13353, GE00502, PV9475, LU9136, GE00458
3077824151683, NJ13701, PS9460, DU9538, NG9892, PT9477, RJ9058, OM81537, RJ9001, RE7252, RO1001, NG10195, RU2096, GE00458, NF11331, NW12493, JM9891, OM81354, OM81724, PT9429, RU8004, OM81884, GQ10722, RJ5022, RE7364, RE5106, PT9539, HO0183, RE5184, DU9418, GS10110, GE00488, DU9508, PT9349, PT9347, HO0275, MY1475, NH19002, CQ9497
3429328126083, NJ13701, RE7252, PT9539, PS9460, DU9538, NG9892, PT9477, RJ9058, OM81537, RJ9001, RO1001, NG10195, RU2096, GE00458, NF11331, NW12493, JM9891, OM81354, OM81724, PT9429, RU8004, OM81884, GQ10722, RJ5022, DU9418, GS10110, GE00488, DU9508, PT9349, PT9347, HO0275, MY1475, NH19002, CQ9497, RE5186, RU3002, RE7364, RO1060, PV9499, OM81477, RE7173, RU8029, JZ14124, RE5184
3388241903747, NJ13701, PS9460, DU9538, NG9892, PT9477, RJ9058, OM81537, RJ9001, RE7252, RO1001, NG10195, RU2096, GE00458, NF11331, NW12493, JM9891, OM81354, OM81724, PT9429, RU8004, OM81884, GQ10722, RJ5022, RE7364, RE5106, PT9539, HO0183, RE5184, DU9418, GS10110, GE00488, DU9508, PT9349, PT9347, HO0275, MY1475, NH19002, CQ9497, RJ5049
3493718655107, NJ13701, PT9477, RJ9001, RU8004, PT9349, RJ9058, OM81537, RE7252, RO1001, NG10195, RU2096, GE00458, NF11331, NW12493, JM9891, OM81354, OM81724, PT9429, OM81884, GQ10722, RJ5022, RE7364, RE5106, PT9539, HO0183, RE5184, DU9418, GS10110, GE00488, DU9508, PT9347, HO0275, MY1475, NH19002, CQ9497, PV9427, PT9433, RE5032, RJ9050, RJ9003, RJ9036, MY1622, PT9408, RE1004, CQ9544, NH19024, OM81349, RE5051, RE5062, IG9223, RJ9015, LZ9168, PT9409, PS9460, PT9151, PV9459, GQ10680, PT9473, PV9140, OM61040, RO1048, PT9255, DU9538, RJ6053, LU9136
3164548825219, NJ13701, GQ10722, RU8004, PT9477, CQ9544, PS9460, DU9538, NG9892, RJ9058, OM81537, RJ9001, RE7252, RO1001, NG10195, RU2096, GE00458, NF11331, NW12493, JM9891, OM81354, OM81724, RE7364, RE5106, PT9539, HO0183, RE5184, DU9418, GS10110, GE00488, DU9508, PT9349, PT9347, HO0275, MY1475, NH19002, CQ9497, RJ5099, MY1622, RJ7014, OM81247, GQ10773, JZ14235, CQ9518, OM81349, RE5051, RE5062, IG9223, RJ9015, LZ9168, OY9128, RJ5079, DU9560, RE1023, EQ13260, OM81802, LZ7584, OM81738, OM81884, PV9428, OM81371, PT9429, IG9211
3475841253507, RU3008, PT9370, RE7351, RE1004, NH19072, PV9427, NJ13752, PS9095, PT9376, MY1520, RE7375, GE00425, RJ1018, RJ1002, RE5195, TK00678, PV9291, OU13358, JM10256, GE00542, JZ14235, OM81247, MY1689, NF11331, NW12587, GE00437, PT9408, CQ9544, NH19024, PT9477, JZ12126, PS9225, IG9100, LU9222, JM10354, TK00697, GE00421, RJ8052, DU9551, RJ8044, LU9097, PT9403, NJ13702, LU9136, RW8868
3476538261635, RU3008, PT9370, PS9095, PT9376, RE7351, JZ14235, RJ1018, RE5195, PV9427, NJ13752, MY1520, RE7375, GE00425, PV9291, RE1004, GQ10795, DU9551, NH19072, PT9403, RW8868, OU13358, JM10256, GE00542, OM81247, MY1689, NF11331, NW12587, GE00437, RU5102, MY1636, OM90742, OM80761, PT9409, OM80766, OM80767, RE7098, RJ5079, LU9061, CQ9555, RJ9029, RJ1000, RU5130, OM81642, NH2023, GQ10884, IG9100, DU9524, TK00697, CQ9507, CQ9577, JM10271, RJ5069, PV9252, PT9534, PV9378, PS9339, RJ1002, JZ12751
3477454913667, RU3008, PT9370, RE7351, PV9427, NJ13752, PS9095, PT9376, MY1520, RE7375, GE00425, RJ1018, RJ1002, RE5195, TK00678, RE1004, GQ10795, DU9551, NH19072, PT9403, RW8868, OU13358, JM10256, GE00542, JZ14235, OM81247, MY1689, NF11331, NW12587, GE00437
3028076986499, RU3008, PT9370, PT9376, RJ1018, RJ1002, RE5195, TK00678, RE7351, PV9427, NJ13752, MY1520, RE7375, GE00425, PV9291, RE1004, GQ10795, DU9551, NH19072, PT9403, RW8868, OU13358, JM10256, GE00542, JZ14235, OM81247, MY1689, NF11331, NW12587, GE00437, PT9408, OM80791, OM81352, RE5051, PT9410, RU5102, MY1636
3355536097411, RU3008, PV9427, PT9370, RE7351, PS9095, PT9376, MY1520, RE7375, GE00425, RJ1018, RJ1002, RE5195, TK00678, PV9291, RE1004, GQ10795, DU9551, NH19072, PT9403, RW8868, OU13358, JM10256, GE00542, JZ14235, OM81247, MY1689, NF11331, NW12587, GE00437, PT9148, PV9459, PT9433, RE5032, RJ9050, RJ9003, RJ9036, PT9477, MY1622, PT9349, PT9408, RO1036, CQ9507, NJ13752, OU13425
2992538288259, RU3008, NF11331, OU13358, OM81247, PT9370, GE00425, RE5195, RE7351, RU5130, JZ14235, NH2023, GQ10722, TK00403, DU9560, PV9427, NJ13752, PS9095, PT9376, MY1520, RE7375, RJ1018, RJ1002, TK00678, PV9291, RE1004, GQ10795, DU9551, NH19072, PT9403, RW8868, RJ5080, RJ5086, RJ5037, RE5191, EQ13256, PS9225, NH12099, NH1650, MY1622, EQ13265, CQ9685, JZ14123, NW12489, OU13341, OU13421, RU2096, GE00458, NW12493, JM9891, OM81354, OM81724, NJ13701, CQ9154, CQ9495, GS10110, OM81469, RJ8014, RJ9001, PV9499, RE5063, RJ9050, IG9132, DU9524, OU13353, GE00502, HO0275, OM81642, GQ10884, GQ10773, CQ9518, AA13810, RE7372, RJ6028, RJ9029, RJ5029, PV9250, RJ7014, CQ9544, JZ14205, JM10307, RJ8009, JZ14168, PV9411, RJ9068, GE00542, HO0266, RU8026, IG9100, MY1689, IG8397, OM81581, RW8861, PS9529, GE00437, CQ9687
3495465156739, RU3008, PT9370, RE7351, NF11331, GE00425, PV9427, NJ13752, PS9095, PT9376, RJ1018, RJ1002, RE5195, TK00678, PV9291, RE1004, GQ10795, DU9551, NH19072, PT9403, RW8868, OU13358, JM10256, GE00542, JZ14235, OM81247, MY1689, NW12587, GE00437, RW8915, RE7015, RE7096, RE7375, OY9128, AA13810, RJ9043, MY1573, CQ9154, CQ9495, GS10110, OM81469, RJ8014, RJ9001, PV9499, MY1520, IG9153, LU9222
3491814211715, GQ10722, RJ5099, MY1622, RJ7014, CQ9544, OM81247, PT9429, RU8004, OM81884, RJ5022, NJ13701, GQ10773, JZ14235, CQ9518
3492611096707, GQ10722, RJ5099, MY1622, RJ7014, CQ9544, OM81247, PT9429, RU8004, OM81884, RJ5022, NJ13701, GQ10773, JZ14235, CQ9518
3387166392451, GQ10722, RJ5099, MY1622, RJ7014, CQ9544, OM81247, PT9429, RU8004, OM81884, RJ5022, NJ13701, GQ10773, JZ14235, CQ9518
3494851346563, GQ10722, MY1622, RJ7014, CQ9544, OM81247, PT9429, RU8004, OM81884, RJ5022, NJ13701, GQ10773, JZ14235, CQ9518, PV9427, PT9433, RE5032, RJ9050, RJ9003, RJ9036, PT9477, PT9349, RE5191, EQ13256, PS9225, NH12099, NH1650, NF11331, EQ13265, CQ9685, JZ14123, NW12489, OU13341, OU13421
3039049187459, CQ9544, GQ10722, OM81247, PT9429, JZ14235, OU13358, RJ5099, MY1622, RU8004, OM81884, RJ5022, NJ13701, GQ10773, CQ9518, PT9408, RE1004, NH19024, PT9477, IG9211, OM81441, PT9141, PT9410, RE7372, GE00369, LU9038, RE7173, RU3008, JM10256, GE00542, MY1689, NF11331, NW12587, GE00437, TK00403, DU9560, JZ14205, JM10307, RJ8009, JZ14168
3474921586819, GQ10722, OM81247, JZ14235, RJ5099, MY1622, RJ7014, CQ9544, PT9429, RU8004, OM81884, RJ5022, NJ13701, RU3008, OU13358, JM10256, GE00542, MY1689, NF11331, NW12587, GE00437, RU5130, OM81642, NH2023, RE5195, GQ10884
3475092701315, GQ10722, RJ5099, MY1622, RJ7014, CQ9544, OM81247, PT9429, RU8004, OM81884, RJ5022, NJ13701, GQ10773, JZ14235, CQ9518
3477478408323, GQ10722, RJ5099, MY1622, RJ7014, CQ9544, OM81247, PT9429, RU8004, OM81884, RJ5022, NJ13701, GQ10773, JZ14235, CQ9518
3474755125379, PT9408, PV9430, PT9376, PV9428, RE1004, CQ9544, NH19024, PT9477, PV9427
3491990962307, PT9408, PV9428, PT9376, RE1004, CQ9544, NH19024, PT9477, PV9427, PV9430, JZ12711, PV9453, RJ1933, RN0045, OR9126, RJ8052
3429505007747, PT9408, PV9430, PT9376, PV9428, RE1004, CQ9544, NH19024, PT9477, PV9427
3493310005379, PT9408, PT9376, PV9430, PV9428, RE1004, CQ9544, NH19024, PT9477, PV9427, PS9095, PT9370, RU3008, OM80791, OM81352, RE5051, PT9410
3493755093123, PT9408, PV9430, PT9376, PV9428, RE1004, CQ9544, NH19024, PT9477, PV9427
3494048989315, PV9428, PT9408, PV9430, PT9376, RE1004, CQ9544, NH19024, PT9477, PV9427, JZ12711, PV9453, RJ1933, RN0045, OR9126, RJ8052, RO1036, RU5052, JM10353, PV9554, RO1057, RJ9068, OM81915, NH19111, LZ7584, OM81738, OM81884, OM81371, RJ9003
3494980911235, CQ9544, PT9408, PT9477, PV9427, RE1004, PV9430, PT9376, PV9428, RJ7014, GQ10722, OM81247, PT9429, IG9211, OM81441, PT9141, PT9410, RE7372, GE00369, LU9038, RE7173, PT9433, RE5032, RJ9050, RJ9003, RJ9036, MY1622, PT9349, PS9460, DU9538, NG9892, NJ13701, OM81349, RE5051, RE5062, RU8004, IG9223, RJ9015, LZ9168, RU3008, GQ10795, DU9551, NH19072, PT9403, RW8868, JZ12126, PS9225
3495448379523, PT9408, PV9427, PT9477, PV9430, PT9376, PV9428, RE1004, CQ9544, NH19024, PT9148, PV9459, RU3008, NJ13752, PT9433, RE5032, RJ9050, RJ9003, RJ9036, MY1622, PT9349
3014289522819, NF11331, RJ5080, RJ5086, RJ5037, RU3008, OU13358, JM10256, GE00542, JZ14235, OM81247, MY1689, NW12587, GE00437, RE5191, EQ13256, PS9225, NH12099, NH1650, MY1622, EQ13265, CQ9685, JZ14123, NW12489, OU13341, OU13421, RU2096, GE00458, NW12493, JM9891, OM81354, OM81724, NJ13701, CQ9154, CQ9495, GS10110, OM81469, RJ8014, RJ9001, PV9499, GE00425, RJ9050, IG9132, DU9524, OU13353, GE00502, HO0275, RW8888, RE5063, OM81143, NJ13687
3493681266819, NF11331, RJ5080, RJ5086, RJ5037, RU3008, OU13358, JM10256, GE00542, JZ14235, OM81247, MY1689, NW12587, GE00437, RE5191, EQ13256, PS9225, NH12099, NH1650, MY1622, EQ13265, CQ9685, JZ14123, NW12489, OU13341, OU13421, RU2096, GE00458, NW12493, JM9891, OM81354, OM81724, NJ13701, CQ9154, CQ9495, GS10110, OM81469, RJ8014, RJ9001, PV9499, GE00425, RE5063, RJ9050, IG9132, DU9524, OU13353, GE00502, HO0275
3493798248579, NF11331, RJ9001, NJ13701, RU3008, RJ9058, GE00425, RJ5080, RJ5086, RJ5037, OU13358, JM10256, GE00542, JZ14235, OM81247, MY1689, NW12587, GE00437, RE5191, EQ13256, PS9225, NH12099, NH1650, MY1622, EQ13265, CQ9685, JZ14123, NW12489, OU13341, OU13421, RU2096, GE00458, NW12493, JM9891, OM81354, OM81724, RE5063, RJ9050, IG9132, DU9524, OU13353, GE00502, HO0275, PT9409, PS9460, PT9151, PV9459, GQ10680, PT9473, RJ5068, TK00649, NW12461, PS9490, RJ9003, IG8402, RO1048, RO1070, GQ10465, OM81537, RE7252, RO1001, NG10195, PV9252, MY1520, RE7375, OY9128, AA13810, RJ9043, MY1573, DU9418, GS10110, GE00488, DU9508, PT9349, PV9499, PT9539
3494540673155, NF11331, NW12489, NH12099, GE00458, RJ9050, GE00502, RE3210, NH1650, LU9232, RE7206, RE5191, MY1622, RJ5080, RJ5086, RJ5037, RU3008, OU13358, JM10256, GE00542, JZ14235, OM81247, MY1689, NW12587, GE00437, RU2096, NW12493, JM9891, OM81354, OM81724, NJ13701, CQ9154, CQ9495, GS10110, OM81469, RJ8014, RJ9001, PV9499, GE00425, RE5063, IG9132, DU9524, OU13353, HO0275, HO0258, RO1057, MY1471, RO1068, OM81811, RJ5104, RO1040, MY1532, RE7381, OM81438, PT9345, LU9087, NW12574, TK00697, HO0249, PS9339, PV9475, LU9136, LU9038, RU8010, LU9066, RE7252, EQ13260, JZ14124, LU9083, OM81805, PT9060, PV9427, PT9433, RE5032, RJ9003, RJ9036, PT9477, PT9349, RJ5099, GQ10722, RJ5068, DU9683, JM7259, EQ13256, EK9342, RE7195, JZ12126, PS9225, RE1004
3464917614723, NF11331, RU3008, OU13358, JM10256, GE00542, JZ14235, OM81247, MY1689, NW12587, GE00437, RE5191, EQ13256, PS9225, NH12099, NH1650, MY1622, EQ13265, CQ9685, JZ14123, NW12489, OU13341, OU13421, RU2096, GE00458, NW12493, JM9891, OM81354, OM81724, NJ13701, CQ9154, CQ9495, GS10110, OM81469, RJ8014, RJ9001, PV9499, GE00425, RE5063, RJ9050, IG9132, DU9524, OU13353, GE00502, HO0275, OY9090, OM81813, RE1008, OU13427, RJ5037
3449491062915, NF11331, RJ9050, GE00502, MY1622, NW12489, NJ13701, HO0275, RJ5080, RJ5086, RJ5037, RU3008, OU13358, JM10256, GE00542, JZ14235, OM81247, MY1689, NW12587, GE00437, RE5191, EQ13256, PS9225, NH12099, NH1650, EQ13265, CQ9685, JZ14123, OU13341, OU13421, RU2096, GE00458, NW12493, JM9891, OM81354, OM81724, CQ9154, CQ9495, GS10110, OM81469, RJ8014, RJ9001, PV9499, GE00425, RE5063, PV9427, PT9433, RE5032, RJ9003, RJ9036, PT9477, PT9349, RE7351, DU9554, RU5072, RU5061, OM81731, OM81642, PV9475, RU8005, MY1534, JM10215, RJ5079, HO0336, RJ9025, DU9558, JM9106, HO0273, PT9347, MY1475, NH19002, RE5121, LU9038, PV9212, GQ10812, IG9100, RE5195, DU9524, TK00697, CQ9507, CQ9577, JM10271, RE7005, RU8015, RU2081, OM81341, OM81888, OU13353, JM10354
3459635708035, CQ9544, PT9408, RE1004, NH19024, PT9477, RJ7014, GQ10722, OM81247, PT9429, IG9211, OM81441, PT9141, PT9410, RE7372, GE00369, LU9038, RE7173
3495044022403, CQ9544, PT9408, RE1004, NH19024, PT9477, RJ7014, GQ10722, OM81247, PT9429, IG9211, OM81441, PT9141, PT9410, RE7372, GE00369, RE7173, LU9038, GE00502, NW12489
3474962219139, CQ9544, PT9410, RE7372, RE7351, PT9408, RE1004, NH19024, PT9477, RJ7014, GQ10722, OM81247, PT9429, IG9211, LU9038, RE7173, RW8652, OM81441, RJ7011, PT9376, OM81352, RE5051, PV9140, OM81700, IG9135, TK00712, NW12487, RE5033, MY1475, NH19002, OU13358, RU5130, AA13810, RJ6028, RJ9029, RE3003, PV9234, RU3002, PT9141, PT9223, OM81341
3476267204739, CQ9544, GQ10722, PT9408, RE1004, NH19024, PT9477, RJ7014, OM81247, OM81441, PT9141, PT9410, RE7372, GE00369, LU9038, RE7173, PT9429, RU8004, OM81884, RJ5022, NJ13701
3476483965059, CQ9544, PT9408, RE1004, NH19024, PT9477, RJ7014, GQ10722, OM81247, PT9429, IG9211, OM81441, PT9141, PT9410, RE7372, GE00369, LU9038, RE7173
3476591378563, CQ9544, RE7173, PT9408, RE1004, NH19024, PT9477, RJ7014, GQ10722, OM81247, PT9429, IG9211, OM81441, PT9141, PT9410, RE7372, GE00369, LU9038, PV9394, RE7351, RE7252, RU8029, JZ14124, RE5184
3199052021891, PV9427, PT9148, PV9459, RU3008, NJ13752, PT9433, RE5032, RJ9050, RJ9003, RJ9036, PT9477, MY1622, PT9349, PT9408
3493058805891, PV9427, PT9148, PV9459, RU3008, NJ13752, PT9433, RE5032, RJ9050, RJ9003, RJ9036, PT9477, MY1622, PT9349, PT9408
3493410177155, PV9427, PT9148, PV9459, RU3008, NJ13752, PT9433, RE5032, RJ9050, RJ9003, RJ9036, PT9477, MY1622, PT9349, PT9408
3202610069635, PV9427, PV9459, RU3008, NJ13752, PT9433, RE5032, RJ9050, RJ9003, RJ9036, PT9477, MY1622, PT9349, PT9408, PT9409, PS9460, PT9151, GQ10680, RJ9001, PT9473, TK00403, NH19080
3494904987779, RJ9003, PV9427, RJ9050, PT9477, PT9408, RE5032, NF11331, NJ13701, MY1622, PT9148, PV9459, RU3008, NJ13752, OM81352, PV9275, RJ5102, IG8402, RO1048, RO1070, GQ10465, RJ9001, JZ14205, RE5121, PT9223, RW8831, EQ13260, RJ9004, RO1001, EQ13259, PV9428, RE7351, DU9554, RU5072, RU5061, OM81731, OM81642, PV9475, RU8005, IG9132, DU9524, OU13353, GE00502, HO0275, RE1004, CQ9544, NH19024, PS9460, DU9538, NG9892, OM81349, RE5051, RE5062, RU8004, IG9223, RJ9015, LZ9168, RJ5099, GQ10722, RE5191, EQ13256, PS9225, NH12099, NH1650, EQ13265, CQ9685, JZ14123, NW12489, OU13341, OU13421, DU9418, GS10110, GE00488, DU9508, PT9349
3474896060547, RE5051, PT9376, OM81352, PT9410, OM81349, RE5062, RU8004, IG9223, PT9477, RJ9015, LZ9168, RE5110, RE7149, RJ6029
3475487621251, RE5051, PT9376, OM81352, PT9410, OM81349, RE5062, RU8004, IG9223, PT9477, RJ9015, LZ9168, RE5110, RE7149, RJ6029
3460760076419, RE5051, PT9376, OM81352, PT9410, OM81349, RE5062, RU8004, IG9223, PT9477, RJ9015, LZ9168, RE5110, RE7149, RJ6029
3477416050819, RE5062, RU8004, PT9477, RE5051, OM81729, DU9560, NJ13701, PT9376, OM81352, PT9410, RE5110, RE7149, RJ6029, PT9534, CQ9528, RO1040, IG9122, OY9258, TK00696, GE00503, EB0517, PT9429, OM81884, GQ10722, RJ5022, OY9128, RJ5079, RE1023, EQ13260, OM81802, PV9427, PT9433, RE5032, RJ9050, RJ9003, RJ9036, MY1622, PT9349, PT9408, RE1004, CQ9544, NH19024, PS9460, DU9538, NG9892, JZ11209, PT9342, CQ9687, IG9223, JZ14168
3477530214531, RE5051, PT9376, OM81352, PT9410, OM81349, RE5062, RU8004, IG9223, PT9477, RJ9015, LZ9168, RE5110, RE7149, RJ6029
3226645594243, RE5051, PT9376, OM81352, PT9410, OM81349, RE5062, RU8004, IG9223, PT9477, RJ9015, LZ9168
3495590035587, OM81352, PT9410, PT9376, RE5051, OM81349, RE5062, RU8004, IG9223, PT9477, RJ9015, LZ9168, RE5110, RE7149, RJ6029, RE5032, PV9275, PV9600, RJ7011, RE5054, JM9884, JQ01469, PV9140, OM81700, IG9135, OM81441, PT9141, RE7372, CQ9544, GE00369, TK00712, NW12487, RE5033, MY1475, NH19002, PT9408, PS9095, PT9370, RU3008, OM80791
3474695848067, PV9428, RJ9003, PV9430, JZ12711, PV9453, RJ1933, RN0045, OR9126, RJ8052, PT9408, RO1036, RU5052, JM10353, PV9554, RO1057, RJ9068, OM81915, NH19111, LZ7584, OM81738, OM81884, OM81371, PV9427, PT9433, RE5032, RJ9050, RJ9036, PT9477, MY1622, PT9349, IG8402, RO1048, RO1070, GQ10465, RJ9001, JZ14205, RE5121, PT9223, RW8831, EQ13260, RJ9004, RO1001, EQ13259
3474906448003, PV9428, PV9430, JZ12711, PV9453, RJ1933, RN0045, OR9126, RJ8052, PT9408, RO1036, RU5052, JM10353, PV9554, RO1057, RJ9068, OM81915, NH19111, LZ7584, OM81738, OM81884, OM81371, RJ9003
3023144255619, PV9428, JM10353, CQ9507, PV9430, JZ12711, PV9453, RJ1933, RN0045, OR9126, RJ8052, PT9408, PV9554, RO1057, RJ9068, OM81915, NH19111, LZ7584, OM81738, OM81884, OM81371, RJ9003, RE7351, OM81514, JZ12789, NJ13674, OU13007, HO0284, OM81587, RO1060, RO1036, NJ13752, OU13425
3492748853379, PV9428, OM81738, PV9430, JZ12711, PV9453, RJ1933, RN0045, OR9126, RJ8052, PT9408, RO1036, RU5052, JM10353, PV9554, RO1057, RJ9068, OM81915, NH19111, RJ9003, RJ8032, RE5189, RU8005, NJ13765, RE5123, CQ9582, PT9429, RU8004, OM81884, GQ10722, RJ5022, NJ13701, LZ7584, RE7005, RE5033
2990501068931, PV9428, RO1057, RJ9068, PV9430, JZ12711, PV9453, RJ1933, RN0045, OR9126, RJ8052, PT9408, RO1036, RU5052, JM10353, LZ7584, OM81738, OM81884, OM81371, RJ9003, HO0258, MY1471, RO1068, OM81811, RJ5104, RO1040, MY1532, RE7381, OM81438, PT9345, LU9087, NW12574, TK00697, HO0249, NW12489, CQ9505, PT9139, LU9063, OY9257, DU9418, HO0207, PV9473, GE00427, PV9411, GE00542, PV9554, DU9602, PV9012, DU9687, NH19111
3128135516291, PV9428, PT9408, RO1036, RU5052, JM10353, PV9554, RO1057, RJ9068, OM81915, NH19111, LZ7584, OM81738, OM81884, OM81371, RJ9003, PV9430, JZ12711, PV9457, CQ9695, PV9668, HO0336, JZ14168, RJ8052, DU9551, RJ8044, LU9097
3271994474627, RJ6056, MY1570, AA13901, RJ1935, JM9106, RJ8041
3492022124675, RJ6056, MY1570, AA13901, RJ1935, RJ8041, MY1534, JM10215, RJ5079, HO0336, RJ9025, DU9558, JM9106, HO0273, HO0275
3493768921219, RJ6056, MY1570, AA13901, RJ1935, JM9106, RE7297, RJ8041
3494333546627, RJ6056, JM9106, MY1570, AA13901, RJ1935, RJ8041
3495081836675, RJ6056, MY1570, JM9106, RJ8041, AA13901, PV9457
3474670616707, RJ6056, MY1570, AA13901, RJ1935, JM9106, RJ8041
3474793398403, OM81811, HO0258, RO1057, MY1471, RO1068, RJ5104, RO1040, MY1532, RE7381, OM81438, PT9345, LU9087, NW12574, TK00697, HO0249, NW12489, RE7193
3476899364995, NW12489, RO1057, IG9100, TK00697, OM81811, RE7193, RE5191, EQ13256, PS9225, NH12099, NH1650, MY1622, NF11331, EQ13265, CQ9685, JZ14123, OU13341, OU13421, PS9339, PV9475, LU9136, GE00458, LU9038, GE00502, CQ9505, PT9139, LU9063, PV9554, PV9428, RJ9068, OM81915, NH19111, OM81438, OM80800, PT9399, RE5195, DU9524, CQ9507, CQ9577, JM10271, LU9222, JM10354, NH19072, PT9534, CQ9528, RE5062, RO1040, IG9122, DU9611, MY1532
3477082833027, OM81811, HO0258, RO1057, MY1471, RO1068, RJ5104, RO1040, MY1532, RE7381, OM81438, PT9345, LU9087, NW12574, TK00697, HO0249, NW12489, RE7193
3477578449027, OM81811, HO0258, RO1057, MY1471, RO1068, RJ5104, RO1040, MY1532, RE7381, OM81438, PT9345, LU9087, NW12574, TK00697, HO0249, NW12489, RE7193
3480521965699, OM81811, HO0258, RO1057, MY1471, RO1068, RJ5104, RO1040, MY1532, RE7381, OM81438, PT9345, LU9087, NW12574, TK00697, HO0249, NW12489, RE7193
3493991514243, HO0258, RO1057, MY1471, RO1068, OM81811, RJ5104, RO1040, MY1532, RE7381, OM81438, PT9345, LU9087, NW12574, TK00697, HO0249, NW12489
3475359563907, RJ9001, RJ9058, PV9252, NJ13701, OM81537, RE7252, RO1001, NG10195, PT9258, PT9409, PS9460, PT9151, PV9459, GQ10680, PT9473, RJ5068, TK00649, NW12461, PS9490, RJ9003, IG8402, RO1048, RO1070, GQ10465, CQ9154, CQ9495, GS10110, OM81469, RJ8014, PV9499, GE00425, NF11331, RJ5069, PT9534, PV9378, PS9339, RJ1002, JZ12751
3492570235011, RJ9001, PT9473, NJ13701, RJ9058, PT9399, PV9459, RJ5068, TK00649, NW12461, PS9490, RJ9003, IG8402, RO1048, RO1070, GQ10465, OM81537, RE7252, RO1001, NG10195, PV9252, CQ9154, CQ9495, GS10110, OM81469, RJ8014, PV9499, GE00425, NF11331, RJ8022, RJ8044, PT9148, PV9427, TK00403, NH19080, OM90742, OM80761, PT9409, OM80766, OM80767, RJ1018, RE7098, RJ5079, LU9061, CQ9555, PS9460, DU9538, NG9892, PT9477, GQ10680, RN3003
3493772591235, RJ9001, RJ9003, RJ9058, RO1001, PT9409, PS9460, PT9151, PV9459, GQ10680, PT9473, RJ5068, TK00649, NW12461, PS9490, NJ13701, OM81537, RE7252, NG10195, PV9252, CQ9154, CQ9495, GS10110, OM81469, RJ8014, PV9499, GE00425, NF11331, PV9427, PT9433, RE5032, RJ9050, RJ9036, PT9477, MY1622, PT9349, JZ14205, RE5121, PT9223, RW8831, EQ13260, RJ9004, EQ13259, PV9428, PV9140, OM61040, RO1048, PT9255, DU9538, RJ6053, LU9136
3491798974595, RJ9001, RJ9058, PT9409, PS9460, PT9151, PV9459, GQ10680, PT9473, RJ9003, IG8402, RO1048, RO1070, GQ10465, NJ13701, OM81537, RE7252, RO1001, NG10195, PV9252, CQ9154, CQ9495, GS10110, OM81469, RJ8014, PV9499, GE00425, NF11331, RJ5068, DU9683, JM7259, EQ13256, EK9342, RE7195, NW12461, RJ8034, RJ8013, RE5054, PS9490, GE00488
3491716464771, LU9136, PV9140, OM61040, RO1048, PT9255, DU9538, RJ6053, PV9475, GE00458, NW12489, JM10104, RW8868, RE7005, RU8015, RU2081, OM81341, OM81888, OU13353, JM10354
3491769581699, LU9136, NW12489, NF11331, PV9140, OM61040, RO1048, PT9255, DU9538, RJ6053, JM10104, DU9553, OM81888, RW8868, HO0258, RO1057, MY1471, RO1068, OM81811, RJ5104, RO1040, MY1532, RE7381, OM81438, PT9345, LU9087, NW12574, TK00697, HO0249, RE5191, EQ13256, PS9225, NH12099, NH1650, MY1622, EQ13265, CQ9685, JZ14123, OU13341, OU13421, PS9339, LU9038, GE00502, RU2096, GE00458, NW12493, JM9891, OM81354, OM81724, NJ13701, OM81642, RJ9050, PV9475, RU8005
3466039066755, LU9136, PV9475, GE00458, NW12489, JM10104, DU9553, OM81888, RW8868, PV9140, OM81700, PT9410, IG9135, RJ9003, IG8402, RO1048, RO1070, GQ10465, RJ9001, RO1030, PT9255, RE5189, DU9560, PS9460, DU9538, NG9892, PT9477, NJ13701
3493039702147, LU9136, PV9140, OM61040, RO1048, PT9255, DU9538, RJ6053, PV9475, GE00458, NW12489, DU9553, OM81888, RW8868, JZ14205, JM10104, IG9135, JZ13896, JZ14188
3493299552387, LU9136, PV9140, OM61040, RO1048, PT9255, DU9538, RJ6053, PV9475, GE00458, NW12489, JM10104, DU9553, OM81888, RU3008, RE1004, GQ10795, DU9551, NH19072, PT9403, RW8868
3356628680835, LU9136, PV9140, OM61040, RO1048, PT9255, DU9538, RJ6053, PV9475, GE00458, NW12489, JM10104, DU9553, OM81888, RW8868
3491638673539, JZ14235, RU3008, OU13358, JM10256, GE00542, OM81247, MY1689, NF11331, NW12587, GE00437, RU5130, OM81642, NH2023, RE5195, GQ10884, GQ10773, GQ10722, CQ9518
3057215111299, RU5130, NH2023, RU3008, OU13358, JZ14235, MY1689, IG9100, RE5195, OM81642, JM10256, GE00542, OM81247, NF11331, NW12587, GE00437, GQ10773, GQ10722, CQ9518, RE3208, OM81813, RN0079, RU5106, RE5029, IG9260, OM80791, RE7019, CQ9552, OY9263, AA13810, RE7372, RJ6028, RJ9029, HO0266, RU8026, OU13425, JM10252, JZ12745, OU13422, PT9370, RJ1018, RJ1002, TK00678, DU9524, TK00697, CQ9507, CQ9577, JM10271, RJ9050, PV9475, RU8005, DU9560, NH19020
3493842452611, JZ14235, RU3008, OU13358, JM10256, GE00542, OM81247, MY1689, NF11331, NW12587, GE00437, RU5130, OM81642, NH2023, RE5195, GQ10884, GQ10773, GQ10722, CQ9518
3474935021699, JZ14235, RU3008, OU13358, JM10256, GE00542, OM81247, MY1689, NF11331, NW12587, GE00437, RU5130, OM81642, NH2023, RE5195, GQ10884, GQ10773, GQ10722, CQ9518
3429342642307, RE5032, PV9427, PT9433, RJ9050, RJ9003, RJ9036, PT9477, MY1622, PT9349, OM81352, PV9275, RJ5102
3343148056707, RE5032, PV9427, PT9433, RJ9050, RJ9003, RJ9036, PT9477, MY1622, PT9349, OM81352, PV9275, RJ5102
3463279804547, OM81352, RE5032, PV9427, PT9433, RJ9050, RJ9003, RJ9036, PT9477, MY1622, PT9349, RJ5102, PT9376, RE5051, PT9410, PV9600, RJ7011, RE5054, JM9884, JQ01469
3219219021955, RE5032, RJ5102, PV9427, PT9433, RJ9050, RJ9003, RJ9036, PT9477, MY1622, PT9349, OM81352, PV9275, RJ6027, GQ10864, LU9129, IG9158
3507830259843, RJ9003, JZ14205, EQ13260, NG10195, PV9427, PT9433, RE5032, RJ9050, RJ9036, PT9477, MY1622, PT9349, IG8402, RO1048, RO1070, GQ10465, RJ9001, RJ9004, RO1001, EQ13259, PV9428, JM10104, IG9135, JZ13896, JZ14188, JM10307, OM81247, RJ8009, JZ14168, OY9128, RJ5079, RU8004, DU9560, RE1023, RU8010, LU9066, NH12099, RE7252, JZ14124, LU9083, RE5121, GE00502, PV9234, RU3002, PT9141, PT9223, OM81341
3413028896899, RJ9003, RO1001, RJ9001, PV9427, PT9433, RE5032, RJ9050, RJ9036, PT9477, MY1622, PT9349, IG8402, RO1048, RO1070, GQ10465, JZ14205, RE5121, PT9223, RW8831, EQ13260, PV9428, RE7351, RE5190, RJ5079, LU9392, HO0396, DU9682, CQ9687, NJ13701, RJ9058, OM81537, RE7252, NG10195, OM81729, PT9258, DU9666
3401443704963, OM81352, PT9376, RE5051, PT9410, RE5032, PV9275, RE5054, JM9884, JQ01469, RE7351, RW8652, OM81441, RJ7011
3492886937731, OM81352, RE5054, PT9376, RE5051, PT9410, RE5032, PV9275, PV9600, RJ7011, JM9884, JQ01469, RJ8013, PS9490, GE00488, HO0422
3493247189123, OM81352, PT9376, RE5051, PT9410, RE5032, PV9275, PV9600, RJ7011, RE5054
3493122769027, OM81441, RE7351, RW8652, RJ7011, PT9141, PT9410, RE7372, CQ9544, GE00369
3494602965123, OM81441, RE7351, RW8652, RJ7011, PT9141, PT9410, RE7372, CQ9544, GE00369
3494990839939, OM81441, RE7351, RW8652, RJ7011, PT9141, PT9410, RE7372, CQ9544, GE00369
3396450975875, RE5062, OM81729, OY9258, DU9560, TK00696, GE00503, OM81349, RE5051, RU8004, IG9223, PT9477, RJ9015, LZ9168, EB0517, RJ5069, PV9252, PT9534, PV9378, PS9339, RJ1002, JZ12751, HO0258, RO1057, MY1471, RO1068, OM81811, RJ5104, RO1040, MY1532, RE7381, OM81438, PT9345, LU9087, NW12574, TK00697, HO0249, NW12489
3039060754563, RE5062, OM81729, PT9534, CQ9528, RO1040, IG9122, OY9258, DU9560, TK00696, GE00503, OM81349, RE5051, RU8004, IG9223, PT9477, RJ9015, LZ9168, EB0517
3059261046915, RE5062, OM81729, OY9258, DU9560, TK00696, GE00503, PT9534, CQ9528, RO1040, IG9122, OM81349, RE5051, RU8004, IG9223, PT9477, RJ9015, LZ9168, PT9258, RO1001, DU9666
3469976076419, RJ5079, HO0275, OM90742, OM80761, PT9409, OM80766, OM80767, RJ1018, RE7098, LU9061, CQ9555, RE7351, RE5190, LU9392, RO1001, HO0396, DU9682, CQ9687, OY9128, RU8004, DU9560, RE1023, EQ13260, RJ5029, NJ13701, PT9347, MY1475, NH19002, RJ9050, IG9132, DU9524, NF11331, OU13353, GE00502, JM10215, PV9473, HU93016, JZ12711, PV9457, CQ9695, PV9668, HO0336, JZ14168, RJ7013, RJ9025, RJ6056, JM9106, MY1570
3436293685379, RJ5079, RJ1018, MY1534, JM10215, HO0336, RJ9025, DU9558, JM9106, HO0273, HO0275, RE7351, RE5190, LU9392, RO1001, HO0396, DU9682, CQ9687, OY9128, RU8004, DU9560, RE1023, EQ13260, RJ5029, PT9370, RU3008, RJ1002, RE5195, TK00678, RJ9029, RJ1000, PT9409, PS9460, PT9151, PV9459, GQ10680, RJ9001, PT9473
2976290209923, RJ5079, RJ5029, OM90742, OM80761, PT9409, OM80766, OM80767, RJ1018, RE7098, LU9061, CQ9555, MY1534, JM10215, HO0336, RJ9025, DU9558, JM9106, HO0273, HO0275, RE7351, RE5190, LU9392, RO1001, HO0396, DU9682, CQ9687, OY9128, RU8004, DU9560, RE1023, EQ13260, OM81845, PV9394, RU5132, OM81695, OU13358, PV9250
3474197446787, PT9410, PT9376, OM81352, RE5051, PV9140, OM81700, IG9135, OM81441, PT9141, RE7372, CQ9544, GE00369, NW12487, RE5033, MY1475, NH19002, DU9612, TK00712
3413126480003, PT9410, RE5033, NJ13701, PT9347, HO0275, MY1475, NH19002, PT9376, OM81352, RE5051, PV9140, OM81700, IG9135, OM81441, PT9141, RE7372, CQ9544, GE00369, TK00712, LZ7584, RE7005, RU5087
3493961924739, PT9410, OM81700, PT9376, OM81352, RE5051, OM81441, PT9141, RE7372, CQ9544, GE00369, TK00712, NW12487, RE5033, MY1475, NH19002, RU2087, RJ5077, RJ1019, RE3210, RE7005, PV9140, OM61040, RO1048, PT9255, DU9538, RJ6053, LU9136, JZ14205, JM10104, IG9135, JZ13896, JZ14188
3503026667651, GQ10773, GQ10722, JZ14235, CQ9518
3476166213763, GQ10773, GQ10722, JZ14235, CQ9518
3476480000131, GQ10773, GQ10722, JZ14235, CQ9518
3477536080003, GQ10773, GQ10722, JZ14235, CQ9518
3493160353923, RE7092, DU9508, CQ9496, RE1028, DU9560, LU9083
2982133596291, RE7092, RU5063, NJ13680, CQ9542, RU5083, RE7179, DU9508, CQ9496, RE1028, DU9560, LU9083
3508057079939, RE7092, RU5063, NJ13680, CQ9542, RU5083, RE7179, DU9508, CQ9496, RE1028, DU9560, LU9083
3477218754691, RE7092, DU9508, RU5063, NJ13680, CQ9542, RU5083, RE7179, DU9560, LU9083, RE7351, DU9418, GS10110, GE00488, PT9349, NJ13701
3491375644803, PT9473, PT9399, PT9409, PS9460, PT9151, PV9459, GQ10680, RJ9001, RJ8022, RJ8052, DU9551, RJ8044, LU9097
3491783966851, PT9473, PT9399, PT9409, PS9460, PT9151, PV9459, GQ10680, RJ9001, RJ8022, RJ8044, OM81438, OM80800
3493758271619, PT9473, PT9399, PT9409, PS9460, PT9151, PV9459, GQ10680, RJ9001, RJ8044
3474760630403, PT9473, PT9399, PT9409, PS9460, PT9151, PV9459, GQ10680, RJ9001, RJ8022, RJ8044, OM81438, OM80800
3493004673155, IG9100, TK00697, NH2023, LU9222, JM10354, NH19072, RE5195, CQ9507, HO0266, RU8026, MY1689, GQ10812, LU9170, PT9370, RJ1018, RU3008, RJ1002, TK00678, RU5130, OM81642, JZ14235, GQ10884, HO0258, RO1057, MY1471, RO1068, OM81811, RJ5104, RO1040, MY1532, RE7381, OM81438, PT9345, LU9087, NW12574, HO0249, NW12489, OU13007, HO0284, OM81587, RO1060, JM10353, RO1036, NJ13752, OU13425, RJ9050, IG9132, DU9524, NF11331, OU13353, GE00502, HO0275
3493368037507, IG9100, TK00697, HO0266, RU8026, NH2023, MY1689, RE5195, DU9524, CQ9507, CQ9577, JM10271, LU9222, JM10354, NH19072, LU9170, PV9212, GQ10812, GE00502
3077005541507, IG9100, TK00697, RE5195, DU9524, CQ9507, CQ9577, JM10271, NH19072, HO0266, RU8026, NH2023, MY1689, GQ10812, LU9170, HO0258, RO1057, MY1471, RO1068, OM81811, RJ5104, RO1040, MY1532, RE7381, OM81438, PT9345, LU9087, NW12574, HO0249, NW12489, RU3008, RE1004, GQ10795, DU9551, PT9403, RW8868, GE00421, MY1520, IG9153, LU9222, RE7005, RU8015, RU2081, OM81341, OM81888, OU13353, JM10354
3494614958211, IG9100, NH2023, RE5195, TK00697, JZ14235, DU9524, CQ9507, CQ9577, JM10271, GQ10812, LU9222, JM10354, NH19072, LU9170, RU5130, OM81642, GQ10884, OU13425, JM10252, JZ12745, OU13422, RU3008, OU13358, JM10256, GE00542, OM81247, MY1689, NF11331, NW12587, GE00437
3474224087171, IG9100, TK00697, HO0266, RU8026, NH2023, MY1689, RE5195, DU9524, CQ9507, CQ9577, JM10271, GQ10812, LU9222, JM10354, NH19072, IG8581, DU9612, MM8722, LU9170
3493784846467, NW12489, GE00502, NF11331, HO0258, RO1057, MY1471, RO1068, OM81811, RJ5104, RO1040, MY1532, RE7381, OM81438, PT9345, LU9087, NW12574, TK00697, HO0249, RE5191, EQ13256, PS9225, NH12099, NH1650, MY1622, EQ13265, CQ9685, JZ14123, OU13341, OU13421, PS9339, PV9475, LU9136, GE00458, RE5121, RJ9050, IG9132, DU9524, OU13353, HO0275, PV9212, GQ10812, LU9038, CQ9544
3494243500163, NW12489, HO0258, RO1057, MY1471, RO1068, OM81811, RJ5104, RO1040, MY1532, RE7381, OM81438, PT9345, LU9087, NW12574, TK00697, HO0249, RE5191, EQ13256, PS9225, NH12099, NH1650, MY1622, NF11331, EQ13265, CQ9685, JZ14123, OU13341, OU13421, PV9475, LU9136, GE00458, LU9038, GE00502, RJ5069, PV9252, PT9534, PV9378, PS9339, RJ1002, JZ12751
3491480567939, PT9376, PT9408, PS9095, PT9370, RU3008, OM81352, RE5051, PT9410, OM80791, RE7019, CQ9552, RU5130, OY9263
3476690436227, PT9370, RU3008, MY1636, PS9095, PT9376, RJ1018, RJ1002, RE5195, TK00678, CQ9578, RW8820, GS10035
3477305065603, PT9370, RU3008, PS9095, PT9376, RJ1018, RJ1002, RE5195, TK00678, RU5102, MY1636
2989802225795, JZ14205, EQ13260, RJ9003, RE5121, PT9223, RW8831, JM10307, OM81247, RJ8009, JZ14168, NG10195, JM10104, LU9136, PV9140, OM81700, PT9410, IG9135, JZ13688, JZ14188
3493436194947, JZ14205, OM81247, EQ13260, OU13358, JZ14168, RJ9003, RE5121, PT9223, RW8831, JM10104, IG9135, JZ13896, JZ14188, NG10195, RJ7014, GQ10722, CQ9544, RU3008, JM10256, GE00542, JZ14235, MY1689, NF11331, NW12587, GE00437, TK00403, DU9560, JZ12711, PV9457, CQ9695, PV9668, HO0336, JZ11209, PT9342, CQ9687, IG9223
3466391257219, JZ14205, EQ13260, RJ9003, RE5121, PT9223, RW8831, RE7252, JM10104, IG9135, JZ13896, JZ14188, JM10307, OM81247, RJ8009, JZ14168, OY9128, RJ5079, RU8004, DU9560, RE1023, RU8010, LU9066, NH12099, JZ14124, LU9083, NJ13701, RJ9058, OM81537, RJ9001, RO1001, NG10195
3476567064707, RU3002, RE7351, PV9234, PT9141, PT9223, OM81341, RE5186, RE7364, RO1060
3441337335939, RU3002, RE7351, RE5186, RE7364, RO1060, OM81441, PT9141, PT9410, RE7372, CQ9544, GE00369, RJ9003, JZ14205, RE5121, PT9223, RW8831, EQ13260, RE7005, RU8015, RU2081, OM81341, OM81888, OU13353, JM10354
3503654994051, RU3002, RE7351, PV9234, PT9141, PT9223, OM81341, RE7364, RE5106, PT9539, HO0183, NJ13701, RE5184, OU13007, HO0284, OM81587, RO1060, JM10353, CQ9507
3491298836611, OU13358, RU5130, RE7372, JZ14235, OM81247, RU3008, JM10256, GE00542, MY1689, NF11331, NW12587, GE00437, RJ5029, PV9250, TK00403, DU9560, RE3208, OM81813, RN0079, RU5106, RE5029, IG9260, OM80791, RE7019, CQ9552, OY9263, OM81642, NH2023, RE5195, GQ10884, RE7351, OM81441, PT9141, PT9410, CQ9544, GE00369, RE3003, OY9128, AA13810, RJ9043, MY1573, GE00425, MM8722, PV9244, RJ6028, RJ7008, RJ1018, RJ9029, RJ1000
3493795725443, OU13358, OM81247, RJ5029, RU3008, JM10256, GE00542, JZ14235, MY1689, NF11331, NW12587, GE00437, RU5130, AA13810, RE7372, RJ6028, RJ9029, TK00403, DU9560, OM81845, PV9394, RU5132, OM81695, RJ5079, RE5192, PV9250
3493342969987, RU5130, OM80791, RE7019, CQ9552, OY9263, OU13358, AA13810, RE7372, RJ6028, RJ9029, OM81642, JZ14235, NH2023, RE5195, GQ10884, OY9090, OM81813, RE1008, OU13427, RJ5037
3475779453059, RU5130, RE3208, OM81813, RN0079, RU5106, RE5029, IG9260, OU13358, AA13810, RE7372, RJ6028, RJ9029, OM81642, JZ14235, NH2023, RE5195, GQ10884, PT9376, OM80791, CQ9548, OY9263
3475362807939, RU2087, PV9012, RJ9043, RJ5077, OM81700, RJ1019
2991088566403, RU2087, RJ5077, OM81700, RJ1019, PV9012, DU9687, NH19111, OY9128, AA13810, RJ9043, MY1573, GE00425
3133558128771, RU2087, PV9012, RJ9043, RJ5077, OM81700, RJ1019
3500459098243, OM81700, PV9012, RU2087, RJ9043, PV9140, PT9410, IG9135, RE3210, RE7005
3477019132035, RU8004, OM81349, RE5051, RE5062, IG9223, PT9477, RJ9015, LZ9168, PT9429, OM81884, GQ10722, RJ5022, NJ13701, OY9128, RJ5079, DU9560, RE1023, EQ13260
3368777875587, RJ5029, OM81845, PV9394, RU5132, OM81695, OU13358, PV9250, RJ5079
2915122512003, RJ5029, OU13358, PV9250, RJ5079, PV9394, RE7173
3270750142595, OM81738, RJ8032, RE5189, RU8005, NJ13765, RE5123, LZ7584, OM81884, PV9428, OM81371
3493712527491, OM81738, RE5189, NJ13765, RE5123, LZ7584, OM81884, PV9428, OM81371, CQ9582, RO1030, PT9255, DU9560, RE7376, OM81642, RJ9050, PV9475, RU8005
3484496461955, OM81738, RJ8032, RE5189, RU8005, LZ7584, OM81884, PV9428, OM81371, CQ9582, PT9060, RE5123
3171531260035, RJ9050, OM81642, PV9427, PT9433, RE5032, RJ9003, RJ9036, PT9477, MY1622, PT9349, RE7351, DU9554, RU5072, RU5061, OM81731, IG9132, DU9524, NF11331, OU13353, GE00502, HO0275, RU5130, JZ14235, NH2023, RE5195, GQ10884, DU9560, NH19020, PV9475, LU9136, GE00458, NW12489, RJ8032, OM81738, RE5189, RU8005
3221048393859, RE7173, RE7351, RE7252, RU8029, JZ14124, RE5184, CQ9544, OM81845, PV9394, RU5132, OM81695, RJ5029
3496667906179, RE7173, RE7252, NJ13701, RU8010, LU9066, NH12099, EQ13260, JZ14124, LU9083, PV9394, RE7351, CQ9544, RJ9058, OM81537, RJ9001, RO1001, NG10195, RU5070, RU8029, RE7364, RE5106, PT9539, HO0183, RE5184
3491689103491, RE7372, RE7351, OU13358, RU5130, AA13810, RJ6028, RJ9029, OM81441, PT9141, PT9410, CQ9544, GE00369
3491003990147, EQ13260, RE7252, NH12099, NH1650, JZ14205, DU9560, NG10195, RE7173, RU8029, JZ14124, RE5184, RE5191, EQ13256, PS9225, MY1622, NF11331, EQ13265, CQ9685, JZ14123, NW12489, OU13341, OU13421, RE3210, LU9232, RE7206, RJ9003, RE5121, PT9223, RW8831, OY9128, RJ5079, RU8004, RE1023, NJ13701, RJ9058, OM81537, RJ9001, RO1001, RE7092, LU9083
3225758236803, NH12099, NH1650, RE5191, EQ13256, PS9225, MY1622, NF11331, EQ13265, CQ9685, JZ14123, NW12489, OU13341, OU13421, RE3210, LU9232, RE7206, RU8010, LU9066, RE7252, EQ13260, JZ14124, LU9083
3282100093059, NH12099, RE5191, EQ13256, PS9225, NH1650, MY1622, NF11331, EQ13265, CQ9685, JZ14123, NW12489, OU13341, OU13421, RU8010, LU9066, RE7252, EQ13260, JZ14124, LU9083, RE3210, RE7005, OM81700, RE7206, RJ1000
3491763421315, RE5033, RE7005, RU5087, PT9410, NW12487, MY1475, NH19002, RE3210, OM81700, RU8015, RU2081, OM81341, OM81888, OU13353, JM10354, LZ7584, OM81738, OM81884, PV9428, OM81371
3492981309571, RE5033, LZ7584, RE7005, RU5087, PT9410, NW12487, MY1475, NH19002
3279003320451, RE5033, LZ7584, RE7005, PT9410, NW12487, MY1475, NH19002
3356110192771, RO1001, RJ9058, OM81729, RE5062, PT9258, RJ9004, RJ9003, EQ13259, RE7351, RE5190, RJ5079, LU9392, HO0396, DU9682, CQ9687, NJ13701, OM81537, RJ9001, RE7252, NG10195, OY9258, DU9560, TK00696, GE00503, EB0517, PV9252, DU9617, RJ6020
3494118162563, NH2023, RU5130, OM81642, JZ14235, RE5195, GQ10884, HO0266, RU8026, IG9100, MY1689, OU13425
3206422986883, NH2023, OU13425, RU5130, OM81642, JZ14235, RE5195, GQ10884, HO0266, RU8026, IG9100, MY1689, JM10252, JZ12745, OU13422, OY9090, RE5058, RN0008, RO1036, CQ9507, NJ13752
3495289520259, HO0275, MY1534, JM10215, RJ5079, HO0336, RJ9025, DU9558, JM9106, HO0273, NJ13701, PT9347, MY1475, NH19002, RJ9050, IG9132, DU9524, NF11331, OU13353, GE00502
3495337787523, GE00502, LU9038, NW12489, RJ9050, IG9132, DU9524, NF11331, OU13353, HO0275, PV9212, GQ10812, RJ9003, JZ14205, RE5121, PT9223, RW8831, EQ13260
3040023478403, GE00502, RE5121, LU9038, NW12489, RJ9050, IG9132, DU9524, NF11331, OU13353, HO0275, IG9100, GQ10812
3436146360451, PV9430, PT9408, JZ12711, PV9453, RJ1933, RN0045, OR9126, RJ8052, PV9428
3465560719491, PV9252, RJ9058, RJ9001, PT9258, RO1001, RJ5069, PT9534, PV9378, PS9339, RJ1002, JZ12751, OM81729, DU9666, DU9617, RJ6020, NJ13701, OM81537, RE7252, NG10195
3429430919299, PV9252, RJ9058, RJ9001, PT9258, PS9339, NW12489, PT9534, CQ9528, RE5062, RO1040, IG9122, PT9370, RJ1018, RU3008, RJ1002, RE5195, TK00678
3494035390595, RJ1018, OM90742, OM80761, PT9409, OM80766, OM80767, RE7098, RJ5079, LU9061, CQ9555, PT9370, RU3008, RJ1002, RE5195, TK00678, OU13358, RU5130, AA13810, RE7372, RJ6028, RJ9029, RE7206, RJ1000
3493824266371, RE7375, MY1520, RU3008, GE00425, RW8915, RE7015, RE7096
3267980689539, MY1520, RU3008, RE7375, GE00425
3381855027331, RJ8022, PT9473
3494812024963, RJ8022, PT9473
3475521405059, RJ5102, RE5032, LU9129, IG9158
3480743411843, RJ5102, RE5032, RJ6027, GQ10864, IG9158, DU9560
3483466530947, PV9459, PT9148, PV9427, PT9409, PS9460, PT9151, GQ10680, RJ9001, PT9473, OU13358, TK00403, DU9560, OM81247
3002786807939, RO1057, HO0258, MY1471, RO1068, OM81811, RJ5104, RO1040, MY1532, RE7381, OM81438, PT9345, LU9087, NW12574, TK00697, HO0249, NW12489, PV9554, PV9428, RJ9068, OM81915, NH19111
2894416412803, PT9258, PV9252, RJ9058, OM81729, RO1001, DU9666
3494355402883, RE5191, PT9060, EQ13256, PS9225, NH12099, NH1650, MY1622, NF11331, EQ13265, CQ9685, JZ14123, NW12489, OU13341, OU13421
3324577644675, RE5191, OM81805, EQ13256, PS9225, NH12099, NH1650, MY1622, NF11331, EQ13265, CQ9685, JZ14123, NW12489, OU13341, OU13421, PT9060, RE5123
3492696686723, RE5054, RJ8013, PS9490, GE00488, OM81352
3495258849411, RE5054, OM81352, HO0422, DU9418, GS10110, GE00488, DU9508, PT9349, NJ13701, RJ5068, TK00649, NW12461, PS9490, RJ9001
3475703660675, PT9399, PT9473, HO0258, RO1057, MY1471, RO1068, OM81811, RJ5104, RO1040, MY1532, RE7381, OM81438, PT9345, LU9087, NW12574, TK00697, HO0249, NW12489
3493946654851, RE7364, RE5186, RU3002, RO1060, RE5106, PT9539, HO0183, NJ13701, RE5184
3491736289411, PS9339, RJ5069, PV9252, PT9534, PV9378, RJ1002, JZ12751, NW12489
3489609351299, RE7005, LZ7584, RE5033, RE3210, OM81700, PV9234, RU3002, PT9141, PT9223, OM81341, DU9553, LU9136, OM81888, IG9100, LU9222, JM10354, NH19072, TK00697, RJ9050, IG9132, DU9524, NF11331, OU13353, GE00502, HO0275
3028191477891, RE7005, OM81700, LZ7584, RE5033, RU8015, RU2081, OM81341, OM81888, OU13353, JM10354, PV9140, PT9410, IG9135, RU2087, RJ5077, RJ1019, RE3210, NH12099, NH1650, LU9232, RE7206
3508043350147, GE00488, RJ8013, RE5054, PS9490, DU9418, GS10110, DU9508, PT9349, NJ13701
3412835729539, RE5189, RJ8032, OM81738, RU8005, RO1030, PT9255, DU9560
3068439494787, OM81884, LZ7584, OM81738, PV9428, OM81371, PT9429, RU8004, GQ10722, RJ5022, NJ13701
3474990137475, PT9060, RE5191, RE5123
3368431779971, RE5191, PT9060, NJ13765, OM81738, RE5123
3492735746179, RE1004, PT9408, CQ9544, NH19024, PT9477, RU3008, GQ10795, DU9551, NH19072, PT9403, RW8868, RE5191, EQ13256, PS9225, NH12099, NH1650, MY1622, NF11331, EQ13265, CQ9685, JZ14123, NW12489, OU13341, OU13421
3475907739779, RE5063, NF11331
3493921063043, RE5063, RW8888, OM81143, NJ13687, NF11331
3493703024771, OY9257, DU9418, HO0207, PV9473, RJ9068, GE00427, MY1534, JM10215, RJ5079, HO0336, RJ9025, DU9558, JM9106, HO0273, HO0275
3500487540867, RJ9068, JM10215, PV9473, HU93016, PV9554, RO1057, PV9428, OM81915, NH19111, PV9411, GE00542, DU9418, GS10110, GE00488, DU9508, PT9349, NJ13701
3508228096131, PV9473, JM10215, HU93016, OY9257, DU9418, HO0207, RJ9068, GE00427
3085360234627, RJ9068, PV9554, RO1057, PV9428, OM81915, NH19111, OY9257, DU9418, HO0207, PV9473, GE00427, RU3008, OU13358, JM10256, GE00542, JZ14235, OM81247, MY1689, NF11331, NW12587, GE00437
3493868634243, OM81477, PT9539
3494008127619, OM81477, PT9539
3503716499587, PT9539, RE7364, RE5106, HO0183, NJ13701, RE5184, PV9499
3193774473347, PT9539, RE7364, RE5106, HO0183, NJ13701, RE5184, OM81477, CQ9154, CQ9495, GS10110, OM81469, RJ8014, RJ9001, PV9499, GE00425, NF11331
2990864760963, MY1636, PT9370, RU5102, GS10035
3477080834179, MY1636, PT9370, RU5102, CQ9578, RW8820
3475302842499, CQ9687, JZ14168, RE7351, RE5190, RJ5079, LU9392, RO1001, HO0396, DU9682, IG8397, OM81581, RW8861, PS9529, GE00437, JZ12711, PV9457, CQ9695, PV9668, HO0336, JZ14205, JM10307, OM81247, RJ8009, PS9396, JZ11209, OM81349, RE5051, RE5062, RU8004, IG9223, PT9477, RJ9015, LZ9168
3496839807107, CQ9687, RE7351, RE5190, RJ5079, LU9392, RO1001, HO0396, DU9682, JZ11209, PT9342, IG9223, JZ14168, RU3008, OU13358, JM10256, GE00542, JZ14235, OM81247, MY1689, NF11331, NW12587, GE00437
3278515863683, OU13425, JM10353, CQ9507, OY9090, RE5058, RN0008, NH2023, OU13007, HO0284, OM81587, RO1060, IG9100, RE5195, DU9524, TK00697, CQ9577, JM10271, RO1036, PV9428, RU5052, PV9427, RU3008, NJ13752
3477072904323, OU13425, RO1036, CQ9507, NJ13752, NH2023, OY9090, OM81813, RE1008, OU13427, RJ5037
3474817253507, OM81438, HO0258, RO1057, MY1471, RO1068, OM81811, RJ5104, RO1040, MY1532, RE7381, PT9345, LU9087, NW12574, TK00697, HO0249, NW12489, OM80800, PT9399
3033324257411, JZ14168, JZ11209, PT9342, CQ9687, IG9223, JZ14205, JM10307, OM81247, RJ8009, PV9430, JZ12711, PV9453, RJ1933, RN0045, OR9126, RJ8052, PV9428, AA13901, PV9457, RE7351, PV9668, MY1534, JM10215, RJ5079, HO0336, RJ9025, DU9558, JM9106, HO0273, HO0275
3495103004803, GQ10812, IG9100, PV9212, GE00502
3493903827075, GE00425, DU9560, MY1520, RU3008, RE7375, CQ9154, CQ9495, GS10110, OM81469, RJ8014, RJ9001, PV9499, NF11331, OY9128, RJ5079, RU8004, RE1023, EQ13260, OU13358, RU5130, AA13810, RE7372, RJ6028, RJ9029, PV9012, RU2087, RJ9043, LU9062, MY1573
3414150381699, JM10353, RO1036, CQ9507, RE7351, OM81514, JZ12789, NJ13674, PV9428, RU5052, NJ13752, OU13425, IG9100, RE5195, DU9524, TK00697, CQ9577, JM10271, RN0010, OM81587, RE5186, RU3002, RE7364, RO1060
3495101431939, NH19072, RU3008, RE1004, GQ10795, DU9551, PT9403, RW8868, IG9100, LU9222, JM10354, TK00697, RE5173, GE00421
3410496192643, JZ12711, PV9457, CQ9695, PV9668, HO0336, JZ14168, AA13901, RJ6056, RJ1935
3313219174531, RJ5068, TK00649, NW12461, PS9490, RJ9001, RE5191, EQ13256, PS9225, NH12099, NH1650, MY1622, NF11331, EQ13265, CQ9685, JZ14123, NW12489, OU13341, OU13421
3482465206403, MY1520, RU3008, RE7375, GE00425, IG9100, LU9222, JM10354, NH19072, TK00697
2967875092611, PV9012, RU2087, RJ9043, PV9554, RO1057, PV9428, RJ9068, OM81915, NH19111
3461461180547, RE7351, PT9396
3379741065347, RJ5068, TK00649, NW12461, PS9490, RJ9001
3486909399171, PV9234, RU3002, PT9141, PT9223, OM81341
3493346771075, PV9554, RO1057, PV9428, RJ9068, OM81915, NH19111
3494643335299, RE7351, RE5190, RJ5079, LU9392, RO1001, HO0396, DU9682, CQ9687
3491579068547, RE7376, RE5189
3033812172931, OY9090, RE5058, RN0008, OU13425, RE3208, RU5130, OM81813, RN0079, RU5106, RE5029, IG9260, RJ5080, RJ5086, RJ5037, NF11331
3434915692675, IG8581, DU9612, MM8722, LU9170
3016490188931, CQ9220, IG8581, DU9612, TK00712, MM8722, PV9244, RJ6028, RJ7008, IG9100, LU9170
3494650282115, RJ5069, PV9252, PT9534, PV9378, PS9339, RJ1002, JZ12751
3385284100227, PT9258, DU9617, RJ6020
3398822953091, JZ11209, PT9342, CQ9687, IG9223, JZ14168
3426310357123, PV9430, JZ12711, PV9453, RJ1933, RN0045, OR9126, RJ8052, PV9428, RJ8044, PT9473, RU3008, RE1004, GQ10795, DU9551, NH19072, PT9403, RW8868
3503937028227, IG8581, DU9612, MM8722, LU9170, PT9410, TK00712
3495297712259, PT9409, PS9460, PT9151, PV9459, GQ10680, RJ9001, PT9473
3491744678019, JZ14205, JM10104, IG9135, JZ13896, JZ14188
3480561090691, JZ13688, JZ14188
3495459979395, OM80791, RE7019, CQ9552, RU5130, OY9263
3378031165571, HO0258, RO1057, MY1471, RO1068, OM81811, RJ5104, RO1040, MY1532, RE7381, OM81438, PT9345, LU9087, NW12574, TK00697, HO0249, NW12489
3475119341699, IG8581, DU9612, MM8722, LU9170, OU13358, RU5130, AA13810, RE7372, RJ6028, RJ9029
3036229927043, MY1534, JM10215, RJ5079, HO0336, RJ9025, DU9558, JM9106, HO0273, HO0275
3328996540547, PV9427, PT9433, RE5032, RJ9050, RJ9003, RJ9036, PT9477, MY1622, PT9349
3036008808579, RE7252, RE7173, RU8029, JZ14124, RE5184
3476865810563, RJ6056, RJ8041
2981878890627, OU13007, HO0284, OM81587, RO1060, JM10353, CQ9507
3491478503555, DU9553, LU9136, OM81888
3059245318275, OU13358, RJ5029, PV9250
3503263088771, RU5063, NJ13680, CQ9542, RU5083, RE7092, RE7179
3493372035203, CQ9497, NJ13701
3307771199619, OM81729, RE5062, OY9258, DU9560, TK00696, GE00503
3457082753155, GE00421, NH19072
3443195281539, RU3008, RE1004, GQ10795, DU9551, NH19072, PT9403, RW8868
3083329405059, RJ1018, RJ9029, RJ1000, RE3210, NH12099, NH1650, LU9232, RE7206
